DHSID,DHSCC,DHSYEAR,DHSCLUST,CCFIPS,ADM1FIPS,ADM1FIPSNA,ADM1SALBNA,ADM1SALBCO,ADM1DHS,ADM1NAME,DHSREGCO,DHSREGNA,SOURCE,URBAN_RURA,LATNUM,LONGNUM,ALT_GPS,ALT_DEM,DATUM,ID_0,ISO,NAME_0,ID_1,NAME_1,TYPE_1,ENGTYPE_1,NL_NAME_1,VARNAME_1
CI201200000001,CI,2012.000000,1.000000,IV,NULL,NULL,NULL,NULL,9999.000000,NULL,9.000000,Sud sans Abidjan,GPS,R,5.973453,-3.198473,9999.000000,136.000000,WGS84,57,CIV,Côte d'Ivoire,16,Sud-Comoé,Région,Region,,
CI201200000002,CI,2012.000000,2.000000,IV,NULL,NULL,NULL,NULL,9999.000000,NULL,8.000000,Ouest,GPS,R,6.462503,-8.211979,9999.000000,255.000000,WGS84,57,CIV,Côte d'Ivoire,11,Moyen-Cavally,Région,Region,,
CI201200000003,CI,2012.000000,3.000000,IV,NULL,NULL,NULL,NULL,9999.000000,NULL,8.000000,Ouest,GPS,R,7.274597,-8.324563,9999.000000,337.000000,WGS84,57,CIV,Côte d'Ivoire,5,Dix-Huit Montagnes,Région,Region,,
CI201200000004,CI,2012.000000,4.000000,IV,NULL,NULL,NULL,NULL,9999.000000,NULL,6.000000,Nord-Est,GPS,R,7.731449,-3.059561,9999.000000,223.000000,WGS84,57,CIV,Côte d'Ivoire,19,Zanzan,Région,Region,,
CI201200000005,CI,2012.000000,5.000000,IV,NULL,NULL,NULL,NULL,9999.000000,NULL,3.000000,Centre-Nord,GPS,U,7.713830,-5.040708,9999.000000,341.000000,WGS84,57,CIV,Côte d'Ivoire,17,Vallée du Bandama,Région,Region,,
CI201200000006,CI,2012.000000,6.000000,IV,NULL,NULL,NULL,NULL,9999.000000,NULL,1.000000,Centre,GPS,R,7.745866,-4.215073,9999.000000,228.000000,WGS84,57,CIV,Côte d'Ivoire,13,N'zi-Comoé,Région,Region,,
CI201200000007,CI,2012.000000,7.000000,IV,NULL,NULL,NULL,NULL,9999.000000,NULL,1.000000,Centre,GPS,U,6.643734,-4.745620,9999.000000,82.000000,WGS84,57,CIV,Côte d'Ivoire,13,N'zi-Comoé,Région,Region,,
CI201200000008,CI,2012.000000,8.000000,IV,NULL,NULL,NULL,NULL,9999.000000,NULL,8.000000,Ouest,GPS,R,6.892448,-7.608675,9999.000000,263.000000,WGS84,57,CIV,Côte d'Ivoire,5,Dix-Huit Montagnes,Région,Region,,
CI201200000009,CI,2012.000000,9.000000,IV,NULL,NULL,NULL,NULL,9999.000000,NULL,11.000000,Ville D'Abidjan,GPS,U,5.358886,-3.987535,9999.000000,70.000000,WGS84,57,CIV,Côte d'Ivoire,9,Lagunes,Région,Region,,
CI201200000010,CI,2012.000000,10.000000,IV,NULL,NULL,NULL,NULL,9999.000000,NULL,8.000000,Ouest,GPS,U,7.410940,-7.555014,9999.000000,328.000000,WGS84,57,CIV,Côte d'Ivoire,5,Dix-Huit Montagnes,Région,Region,,
CI201200000011,CI,2012.000000,11.000000,IV,NULL,NULL,NULL,NULL,9999.000000,NULL,3.000000,Centre-Nord,GPS,U,7.714617,-5.011033,9999.000000,324.000000,WGS84,57,CIV,Côte d'Ivoire,17,Vallée du Bandama,Région,Region,,
CI201200000012,CI,2012.000000,12.000000,IV,NULL,NULL,NULL,NULL,9999.000000,NULL,10.000000,Sud-Ouest,GPS,U,5.779923,-6.577702,9999.000000,138.000000,WGS84,57,CIV,Côte d'Ivoire,3,Bas-Sassandra,Région,Region,,Cavally inférieur
CI201200000013,CI,2012.000000,13.000000,IV,NULL,NULL,NULL,NULL,9999.000000,NULL,4.000000,Centre-Ouest,GPS,R,6.370819,-6.492040,9999.000000,198.000000,WGS84,57,CIV,Côte d'Ivoire,7,Haut-Sassandra,Région,Region,,Sassandra supérieur
CI201200000014,CI,2012.000000,14.000000,IV,NULL,NULL,NULL,NULL,9999.000000,NULL,10.000000,Sud-Ouest,GPS,R,4.819801,-6.404806,9999.000000,13.000000,WGS84,57,CIV,Côte d'Ivoire,3,Bas-Sassandra,Région,Region,,Cavally inférieur
CI201200000015,CI,2012.000000,15.000000,IV,NULL,NULL,NULL,NULL,9999.000000,NULL,9.000000,Sud sans Abidjan,GPS,R,6.150866,-4.243579,9999.000000,66.000000,WGS84,57,CIV,Côte d'Ivoire,1,Agnéby,Région,Region,,Agnébi
CI201200000016,CI,2012.000000,16.000000,IV,NULL,NULL,NULL,NULL,9999.000000,NULL,9.000000,Sud sans Abidjan,GPS,R,6.111719,-4.776144,9999.000000,49.000000,WGS84,57,CIV,Côte d'Ivoire,9,Lagunes,Région,Region,,
CI201200000017,CI,2012.000000,17.000000,IV,NULL,NULL,NULL,NULL,9999.000000,NULL,1.000000,Centre,GPS,R,6.356634,-4.541167,9999.000000,101.000000,WGS84,57,CIV,Côte d'Ivoire,13,N'zi-Comoé,Région,Region,,
CI201200000018,CI,2012.000000,18.000000,IV,NULL,NULL,NULL,NULL,9999.000000,NULL,6.000000,Nord-Est,GPS,R,8.246031,-2.831250,9999.000000,331.000000,WGS84,57,CIV,Côte d'Ivoire,19,Zanzan,Région,Region,,
CI201200000019,CI,2012.000000,19.000000,IV,NULL,NULL,NULL,NULL,9999.000000,NULL,11.000000,Ville D'Abidjan,GPS,U,5.262830,-3.930453,9999.000000,4.000000,WGS84,57,CIV,Côte d'Ivoire,9,Lagunes,Région,Region,,
CI201200000020,CI,2012.000000,20.000000,IV,NULL,NULL,NULL,NULL,9999.000000,NULL,6.000000,Nord-Est,GPS,U,8.031223,-2.809747,9999.000000,349.000000,WGS84,57,CIV,Côte d'Ivoire,19,Zanzan,Région,Region,,
CI201200000021,CI,2012.000000,21.000000,IV,NULL,NULL,NULL,NULL,9999.000000,NULL,11.000000,Ville D'Abidjan,GPS,U,5.363110,-4.034414,9999.000000,67.000000,WGS84,57,CIV,Côte d'Ivoire,9,Lagunes,Région,Region,,
CI201200000022,CI,2012.000000,22.000000,IV,NULL,NULL,NULL,NULL,9999.000000,NULL,8.000000,Ouest,GPS,R,7.054705,-7.575076,9999.000000,255.000000,WGS84,57,CIV,Côte d'Ivoire,5,Dix-Huit Montagnes,Région,Region,,
CI201200000023,CI,2012.000000,23.000000,IV,NULL,NULL,NULL,NULL,9999.000000,NULL,2.000000,Centre-Est,GPS,R,7.216652,-3.349916,9999.000000,176.000000,WGS84,57,CIV,Côte d'Ivoire,12,Moyen-Comoé,Région,Region,,Comoé central
CI201200000024,CI,2012.000000,24.000000,IV,NULL,NULL,NULL,NULL,9999.000000,NULL,3.000000,Centre-Nord,GPS,U,7.759748,-5.038454,9999.000000,334.000000,WGS84,57,CIV,Côte d'Ivoire,17,Vallée du Bandama,Région,Region,,
CI201200000025,CI,2012.000000,25.000000,IV,NULL,NULL,NULL,NULL,9999.000000,NULL,6.000000,Nord-Est,GPS,R,8.389870,-3.107704,9999.000000,424.000000,WGS84,57,CIV,Côte d'Ivoire,19,Zanzan,Région,Region,,
CI201200000026,CI,2012.000000,26.000000,IV,NULL,NULL,NULL,NULL,9999.000000,NULL,2.000000,Centre-Est,GPS,U,6.742130,-3.503726,9999.000000,172.000000,WGS84,57,CIV,Côte d'Ivoire,12,Moyen-Comoé,Région,Region,,Comoé central
CI201200000027,CI,2012.000000,27.000000,IV,NULL,NULL,NULL,NULL,9999.000000,NULL,10.000000,Sud-Ouest,GPS,R,5.554276,-6.939747,9999.000000,166.000000,WGS84,57,CIV,Côte d'Ivoire,3,Bas-Sassandra,Région,Region,,Cavally inférieur
CI201200000028,CI,2012.000000,28.000000,IV,NULL,NULL,NULL,NULL,9999.000000,NULL,8.000000,Ouest,GPS,R,7.670873,-7.547460,9999.000000,588.000000,WGS84,57,CIV,Côte d'Ivoire,5,Dix-Huit Montagnes,Région,Region,,
CI201200000029,CI,2012.000000,29.000000,IV,NULL,NULL,NULL,NULL,9999.000000,NULL,10.000000,Sud-Ouest,GPS,R,6.150994,-6.437675,9999.000000,234.000000,WGS84,57,CIV,Côte d'Ivoire,3,Bas-Sassandra,Région,Region,,Cavally inférieur
CI201200000030,CI,2012.000000,30.000000,IV,NULL,NULL,NULL,NULL,9999.000000,NULL,6.000000,Nord-Est,GPS,R,8.123569,-3.117625,9999.000000,306.000000,WGS84,57,CIV,Côte d'Ivoire,19,Zanzan,Région,Region,,
CI201200000031,CI,2012.000000,31.000000,IV,NULL,NULL,NULL,NULL,9999.000000,NULL,1.000000,Centre,GPS,U,6.571018,-5.017456,9999.000000,146.000000,WGS84,57,CIV,Côte d'Ivoire,8,Lacs,Région,Region,,
CI201200000032,CI,2012.000000,32.000000,IV,NULL,NULL,NULL,NULL,9999.000000,NULL,4.000000,Centre-Ouest,GPS,U,6.613021,-6.239216,9999.000000,252.000000,WGS84,57,CIV,Côte d'Ivoire,7,Haut-Sassandra,Région,Region,,Sassandra supérieur
CI201200000033,CI,2012.000000,33.000000,IV,NULL,NULL,NULL,NULL,9999.000000,NULL,4.000000,Centre-Ouest,GPS,R,7.153319,-6.352280,9999.000000,291.000000,WGS84,57,CIV,Côte d'Ivoire,7,Haut-Sassandra,Région,Region,,Sassandra supérieur
CI201200000034,CI,2012.000000,34.000000,IV,NULL,NULL,NULL,NULL,9999.000000,NULL,8.000000,Ouest,GPS,U,7.276869,-7.773602,9999.000000,338.000000,WGS84,57,CIV,Côte d'Ivoire,5,Dix-Huit Montagnes,Région,Region,,
CI201200000035,CI,2012.000000,35.000000,IV,NULL,NULL,NULL,NULL,9999.000000,NULL,6.000000,Nord-Est,GPS,U,8.035473,-2.783118,9999.000000,362.000000,WGS84,57,CIV,Côte d'Ivoire,19,Zanzan,Région,Region,,
CI201200000036,CI,2012.000000,36.000000,IV,NULL,NULL,NULL,NULL,9999.000000,NULL,4.000000,Centre-Ouest,GAZ,R,6.753785,-6.906316,9999.000000,226.000000,WGS84,57,CIV,Côte d'Ivoire,7,Haut-Sassandra,Région,Region,,Sassandra supérieur
CI201200000037,CI,2012.000000,37.000000,IV,NULL,NULL,NULL,NULL,9999.000000,NULL,6.000000,Nord-Est,GPS,U,7.493733,-3.243753,9999.000000,194.000000,WGS84,57,CIV,Côte d'Ivoire,19,Zanzan,Région,Region,,
CI201200000038,CI,2012.000000,38.000000,IV,NULL,NULL,NULL,NULL,9999.000000,NULL,10.000000,Sud-Ouest,GPS,R,5.887836,-6.755626,9999.000000,206.000000,WGS84,57,CIV,Côte d'Ivoire,3,Bas-Sassandra,Région,Region,,Cavally inférieur
CI201200000039,CI,2012.000000,39.000000,IV,NULL,NULL,NULL,NULL,9999.000000,NULL,3.000000,Centre-Nord,GPS,U,8.782206,-5.694593,9999.000000,337.000000,WGS84,57,CIV,Côte d'Ivoire,17,Vallée du Bandama,Région,Region,,
CI201200000040,CI,2012.000000,40.000000,IV,NULL,NULL,NULL,NULL,9999.000000,NULL,8.000000,Ouest,GPS,U,6.544823,-7.486864,9999.000000,219.000000,WGS84,57,CIV,Côte d'Ivoire,11,Moyen-Cavally,Région,Region,,
CI201200000041,CI,2012.000000,41.000000,IV,NULL,NULL,NULL,NULL,9999.000000,NULL,10.000000,Sud-Ouest,GPS,R,5.436679,-6.629985,9999.000000,146.000000,WGS84,57,CIV,Côte d'Ivoire,3,Bas-Sassandra,Région,Region,,Cavally inférieur
CI201200000042,CI,2012.000000,42.000000,IV,NULL,NULL,NULL,NULL,9999.000000,NULL,2.000000,Centre-Est,GPS,R,7.101894,-3.502596,9999.000000,151.000000,WGS84,57,CIV,Côte d'Ivoire,12,Moyen-Comoé,Région,Region,,Comoé central
CI201200000043,CI,2012.000000,43.000000,IV,NULL,NULL,NULL,NULL,9999.000000,NULL,2.000000,Centre-Est,GPS,R,6.981249,-3.417507,9999.000000,292.000000,WGS84,57,CIV,Côte d'Ivoire,12,Moyen-Comoé,Région,Region,,Comoé central
CI201200000044,CI,2012.000000,44.000000,IV,NULL,NULL,NULL,NULL,9999.000000,NULL,8.000000,Ouest,GPS,R,7.209309,-7.861717,9999.000000,306.000000,WGS84,57,CIV,Côte d'Ivoire,5,Dix-Huit Montagnes,Région,Region,,
CI201200000045,CI,2012.000000,45.000000,IV,NULL,NULL,NULL,NULL,9999.000000,NULL,5.000000,Nord,GPS,U,9.472752,-5.640495,9999.000000,390.000000,WGS84,57,CIV,Côte d'Ivoire,14,Savanes,Région,Region,,
CI201200000046,CI,2012.000000,46.000000,IV,NULL,NULL,NULL,NULL,9999.000000,NULL,7.000000,Nord-Ouest,GPS,U,8.075675,-6.179708,9999.000000,335.000000,WGS84,57,CIV,Côte d'Ivoire,18,Worodougou,Région,Region,,
CI201200000047,CI,2012.000000,47.000000,IV,NULL,NULL,NULL,NULL,9999.000000,NULL,8.000000,Ouest,GPS,R,6.125206,-7.687486,9999.000000,230.000000,WGS84,57,CIV,Côte d'Ivoire,11,Moyen-Cavally,Région,Region,,
CI201200000048,CI,2012.000000,48.000000,IV,NULL,NULL,NULL,NULL,9999.000000,NULL,3.000000,Centre-Nord,GPS,U,7.682816,-5.050195,9999.000000,366.000000,WGS84,57,CIV,Côte d'Ivoire,17,Vallée du Bandama,Région,Region,,
CI201200000049,CI,2012.000000,49.000000,IV,NULL,NULL,NULL,NULL,9999.000000,NULL,7.000000,Nord-Ouest,GPS,R,9.280311,-7.063672,9999.000000,404.000000,WGS84,57,CIV,Côte d'Ivoire,4,Denguélé,Région,Region,,
CI201200000050,CI,2012.000000,50.000000,IV,NULL,NULL,NULL,NULL,9999.000000,NULL,5.000000,Nord,GPS,R,9.188715,-5.571598,9999.000000,350.000000,WGS84,57,CIV,Côte d'Ivoire,14,Savanes,Région,Region,,
CI201200000051,CI,2012.000000,51.000000,IV,NULL,NULL,NULL,NULL,9999.000000,NULL,3.000000,Centre-Nord,GPS,U,7.746292,-5.014304,9999.000000,322.000000,WGS84,57,CIV,Côte d'Ivoire,17,Vallée du Bandama,Région,Region,,
CI201200000052,CI,2012.000000,52.000000,IV,NULL,NULL,NULL,NULL,9999.000000,NULL,5.000000,Nord,GPS,U,10.475819,-6.390511,9999.000000,363.000000,WGS84,57,CIV,Côte d'Ivoire,14,Savanes,Région,Region,,
CI201200000053,CI,2012.000000,53.000000,IV,NULL,NULL,NULL,NULL,9999.000000,NULL,9.000000,Sud sans Abidjan,GPS,R,5.443626,-5.603337,9999.000000,113.000000,WGS84,57,CIV,Côte d'Ivoire,15,Sud-Bandama,Région,Region,,
CI201200000054,CI,2012.000000,54.000000,IV,NULL,NULL,NULL,NULL,9999.000000,NULL,8.000000,Ouest,GPS,U,7.396489,-7.579535,9999.000000,329.000000,WGS84,57,CIV,Côte d'Ivoire,5,Dix-Huit Montagnes,Région,Region,,
CI201200000055,CI,2012.000000,55.000000,IV,NULL,NULL,NULL,NULL,9999.000000,NULL,11.000000,Ville D'Abidjan,GPS,U,5.344163,-4.029635,9999.000000,43.000000,WGS84,57,CIV,Côte d'Ivoire,9,Lagunes,Région,Region,,
CI201200000056,CI,2012.000000,56.000000,IV,NULL,NULL,NULL,NULL,9999.000000,NULL,2.000000,Centre-Est,GPS,R,6.161920,-3.265305,9999.000000,167.000000,WGS84,57,CIV,Côte d'Ivoire,12,Moyen-Comoé,Région,Region,,Comoé central
CI201200000057,CI,2012.000000,57.000000,IV,NULL,NULL,NULL,NULL,9999.000000,NULL,10.000000,Sud-Ouest,GPS,R,5.358413,-7.321641,9999.000000,124.000000,WGS84,57,CIV,Côte d'Ivoire,3,Bas-Sassandra,Région,Region,,Cavally inférieur
CI201200000058,CI,2012.000000,58.000000,IV,NULL,NULL,NULL,NULL,9999.000000,NULL,11.000000,Ville D'Abidjan,GPS,U,5.358759,-4.074572,9999.000000,55.000000,WGS84,57,CIV,Côte d'Ivoire,9,Lagunes,Région,Region,,
CI201200000059,CI,2012.000000,59.000000,IV,NULL,NULL,NULL,NULL,9999.000000,NULL,3.000000,Centre-Nord,GPS,R,8.359189,-4.345620,9999.000000,226.000000,WGS84,57,CIV,Côte d'Ivoire,17,Vallée du Bandama,Région,Region,,
CI201200000060,CI,2012.000000,60.000000,IV,NULL,NULL,NULL,NULL,9999.000000,NULL,3.000000,Centre-Nord,GAZ,U,7.702682,-5.031066,9999.000000,353.000000,WGS84,57,CIV,Côte d'Ivoire,17,Vallée du Bandama,Région,Region,,
CI201200000061,CI,2012.000000,61.000000,IV,NULL,NULL,NULL,NULL,9999.000000,NULL,1.000000,Centre,GPS,U,6.800891,-5.274986,9999.000000,225.000000,WGS84,57,CIV,Côte d'Ivoire,8,Lacs,Région,Region,,
CI201200000062,CI,2012.000000,62.000000,IV,NULL,NULL,NULL,NULL,9999.000000,NULL,10.000000,Sud-Ouest,GPS,R,4.494208,-7.541234,9999.000000,6.000000,WGS84,57,CIV,Côte d'Ivoire,3,Bas-Sassandra,Région,Region,,Cavally inférieur
CI201200000063,CI,2012.000000,63.000000,IV,NULL,NULL,NULL,NULL,9999.000000,NULL,11.000000,Ville D'Abidjan,GAZ,U,5.353508,-4.072035,9999.000000,48.000000,WGS84,57,CIV,Côte d'Ivoire,9,Lagunes,Région,Region,,
CI201200000064,CI,2012.000000,64.000000,IV,NULL,NULL,NULL,NULL,9999.000000,NULL,1.000000,Centre,GPS,R,6.823671,-5.436961,9999.000000,165.000000,WGS84,57,CIV,Côte d'Ivoire,8,Lacs,Région,Region,,
CI201200000065,CI,2012.000000,65.000000,IV,NULL,NULL,NULL,NULL,9999.000000,NULL,2.000000,Centre-Est,GPS,R,6.903736,-3.456717,9999.000000,203.000000,WGS84,57,CIV,Côte d'Ivoire,12,Moyen-Comoé,Région,Region,,Comoé central
CI201200000066,CI,2012.000000,66.000000,IV,NULL,NULL,NULL,NULL,9999.000000,NULL,4.000000,Centre-Ouest,GPS,R,6.357202,-6.239369,9999.000000,234.000000,WGS84,57,CIV,Côte d'Ivoire,7,Haut-Sassandra,Région,Region,,Sassandra supérieur
CI201200000067,CI,2012.000000,67.000000,IV,NULL,NULL,NULL,NULL,9999.000000,NULL,9.000000,Sud sans Abidjan,GPS,R,5.324231,-3.844620,9999.000000,17.000000,WGS84,57,CIV,Côte d'Ivoire,9,Lagunes,Région,Region,,
CI201200000068,CI,2012.000000,68.000000,IV,NULL,NULL,NULL,NULL,9999.000000,NULL,4.000000,Centre-Ouest,GPS,U,6.132941,-5.976701,9999.000000,200.000000,WGS84,57,CIV,Côte d'Ivoire,6,Fromager,Région,Region,,
CI201200000069,CI,2012.000000,69.000000,IV,NULL,NULL,NULL,NULL,9999.000000,NULL,4.000000,Centre-Ouest,GPS,R,6.412359,-5.826287,9999.000000,267.000000,WGS84,57,CIV,Côte d'Ivoire,6,Fromager,Région,Region,,
CI201200000070,CI,2012.000000,70.000000,IV,NULL,NULL,NULL,NULL,9999.000000,NULL,10.000000,Sud-Ouest,GPS,R,6.120202,-6.536293,9999.000000,220.000000,WGS84,57,CIV,Côte d'Ivoire,3,Bas-Sassandra,Région,Region,,Cavally inférieur
CI201200000071,CI,2012.000000,71.000000,IV,NULL,NULL,NULL,NULL,9999.000000,NULL,11.000000,Ville D'Abidjan,GPS,U,5.335063,-4.098226,9999.000000,38.000000,WGS84,57,CIV,Côte d'Ivoire,9,Lagunes,Région,Region,,
CI201200000072,CI,2012.000000,72.000000,IV,NULL,NULL,NULL,NULL,9999.000000,NULL,10.000000,Sud-Ouest,GPS,U,5.416982,-6.542976,9999.000000,137.000000,WGS84,57,CIV,Côte d'Ivoire,3,Bas-Sassandra,Région,Region,,Cavally inférieur
CI201200000073,CI,2012.000000,73.000000,IV,NULL,NULL,NULL,NULL,9999.000000,NULL,4.000000,Centre-Ouest,GPS,R,6.786519,-6.103139,9999.000000,277.000000,WGS84,57,CIV,Côte d'Ivoire,10,Marahoué,Région,Region,,
CI201200000074,CI,2012.000000,74.000000,IV,NULL,NULL,NULL,NULL,9999.000000,NULL,3.000000,Centre-Nord,GPS,U,7.701195,-5.038324,9999.000000,357.000000,WGS84,57,CIV,Côte d'Ivoire,17,Vallée du Bandama,Région,Region,,
CI201200000075,CI,2012.000000,75.000000,IV,NULL,NULL,NULL,NULL,9999.000000,NULL,9.000000,Sud sans Abidjan,GPS,U,5.498814,-3.665116,9999.000000,14.000000,WGS84,57,CIV,Côte d'Ivoire,9,Lagunes,Région,Region,,
CI201200000076,CI,2012.000000,76.000000,IV,NULL,NULL,NULL,NULL,9999.000000,NULL,11.000000,Ville D'Abidjan,GAZ,U,5.336269,-4.083564,9999.000000,48.000000,WGS84,57,CIV,Côte d'Ivoire,9,Lagunes,Région,Region,,
CI201200000077,CI,2012.000000,77.000000,IV,NULL,NULL,NULL,NULL,9999.000000,NULL,3.000000,Centre-Nord,GPS,R,8.095853,-4.456761,9999.000000,241.000000,WGS84,57,CIV,Côte d'Ivoire,17,Vallée du Bandama,Région,Region,,
CI201200000078,CI,2012.000000,78.000000,IV,NULL,NULL,NULL,NULL,9999.000000,NULL,4.000000,Centre-Ouest,GPS,U,6.142045,-5.852592,9999.000000,212.000000,WGS84,57,CIV,Côte d'Ivoire,6,Fromager,Région,Region,,
CI201200000079,CI,2012.000000,79.000000,IV,NULL,NULL,NULL,NULL,9999.000000,NULL,1.000000,Centre,GPS,U,6.650154,-4.170074,9999.000000,199.000000,WGS84,57,CIV,Côte d'Ivoire,13,N'zi-Comoé,Région,Region,,
CI201200000080,CI,2012.000000,80.000000,IV,NULL,NULL,NULL,NULL,9999.000000,NULL,2.000000,Centre-Est,GAZ,U,6.072718,-3.409583,9999.000000,114.000000,WGS84,57,CIV,Côte d'Ivoire,12,Moyen-Comoé,Région,Region,,Comoé central
CI201200000081,CI,2012.000000,81.000000,IV,NULL,NULL,NULL,NULL,9999.000000,NULL,9.000000,Sud sans Abidjan,GPS,U,5.814222,-5.364984,9999.000000,162.000000,WGS84,57,CIV,Côte d'Ivoire,15,Sud-Bandama,Région,Region,,
CI201200000082,CI,2012.000000,82.000000,IV,NULL,NULL,NULL,NULL,9999.000000,NULL,6.000000,Nord-Est,GPS,R,9.667820,-3.085975,9999.000000,339.000000,WGS84,57,CIV,Côte d'Ivoire,19,Zanzan,Région,Region,,
CI201200000083,CI,2012.000000,83.000000,IV,NULL,NULL,NULL,NULL,9999.000000,NULL,1.000000,Centre,GPS,U,6.821975,-5.269694,9999.000000,202.000000,WGS84,57,CIV,Côte d'Ivoire,8,Lacs,Région,Region,,
CI201200000084,CI,2012.000000,84.000000,IV,NULL,NULL,NULL,NULL,9999.000000,NULL,7.000000,Nord-Ouest,GPS,U,8.283615,-7.678488,9999.000000,481.000000,WGS84,57,CIV,Côte d'Ivoire,2,Bafing,Région,Region,,
CI201200000085,CI,2012.000000,85.000000,IV,NULL,NULL,NULL,NULL,9999.000000,NULL,5.000000,Nord,GPS,R,9.380362,-5.680655,9999.000000,372.000000,WGS84,57,CIV,Côte d'Ivoire,14,Savanes,Région,Region,,
CI201200000086,CI,2012.000000,86.000000,IV,NULL,NULL,NULL,NULL,9999.000000,NULL,2.000000,Centre-Est,GPS,U,7.134544,-3.198646,9999.000000,239.000000,WGS84,57,CIV,Côte d'Ivoire,12,Moyen-Comoé,Région,Region,,Comoé central
CI201200000087,CI,2012.000000,87.000000,IV,NULL,NULL,NULL,NULL,9999.000000,NULL,6.000000,Nord-Est,GPS,R,7.969318,-2.977894,9999.000000,289.000000,WGS84,57,CIV,Côte d'Ivoire,19,Zanzan,Région,Region,,
CI201200000088,CI,2012.000000,88.000000,IV,NULL,NULL,NULL,NULL,9999.000000,NULL,1.000000,Centre,GPS,R,6.637517,-4.296798,9999.000000,163.000000,WGS84,57,CIV,Côte d'Ivoire,13,N'zi-Comoé,Région,Region,,
CI201200000089,CI,2012.000000,89.000000,IV,NULL,NULL,NULL,NULL,9999.000000,NULL,4.000000,Centre-Ouest,GPS,R,6.825132,-5.540191,9999.000000,156.000000,WGS84,57,CIV,Côte d'Ivoire,10,Marahoué,Région,Region,,
CI201200000090,CI,2012.000000,90.000000,IV,NULL,NULL,NULL,NULL,9999.000000,NULL,2.000000,Centre-Est,GPS,R,6.362925,-3.373293,9999.000000,115.000000,WGS84,57,CIV,Côte d'Ivoire,12,Moyen-Comoé,Région,Region,,Comoé central
CI201200000091,CI,2012.000000,91.000000,IV,NULL,NULL,NULL,NULL,9999.000000,NULL,3.000000,Centre-Nord,GPS,U,7.801044,-4.979537,9999.000000,281.000000,WGS84,57,CIV,Côte d'Ivoire,17,Vallée du Bandama,Région,Region,,
CI201200000092,CI,2012.000000,92.000000,IV,NULL,NULL,NULL,NULL,9999.000000,NULL,8.000000,Ouest,GPS,R,6.962653,-8.248008,9999.000000,250.000000,WGS84,57,CIV,Côte d'Ivoire,5,Dix-Huit Montagnes,Région,Region,,
CI201200000093,CI,2012.000000,93.000000,IV,NULL,NULL,NULL,NULL,9999.000000,NULL,11.000000,Ville D'Abidjan,GPS,U,5.336272,-4.015727,9999.000000,27.000000,WGS84,57,CIV,Côte d'Ivoire,9,Lagunes,Région,Region,,
CI201200000094,CI,2012.000000,94.000000,IV,NULL,NULL,NULL,NULL,9999.000000,NULL,10.000000,Sud-Ouest,GPS,R,4.954372,-7.034961,9999.000000,144.000000,WGS84,57,CIV,Côte d'Ivoire,3,Bas-Sassandra,Région,Region,,Cavally inférieur
CI201200000095,CI,2012.000000,95.000000,IV,NULL,NULL,NULL,NULL,9999.000000,NULL,7.000000,Nord-Ouest,GPS,R,8.066473,-6.159750,9999.000000,344.000000,WGS84,57,CIV,Côte d'Ivoire,18,Worodougou,Région,Region,,
CI201200000096,CI,2012.000000,96.000000,IV,NULL,NULL,NULL,NULL,9999.000000,NULL,4.000000,Centre-Ouest,GPS,R,6.559061,-5.788218,9999.000000,249.000000,WGS84,57,CIV,Côte d'Ivoire,10,Marahoué,Région,Region,,
CI201200000097,CI,2012.000000,97.000000,IV,NULL,NULL,NULL,NULL,9999.000000,NULL,11.000000,Ville D'Abidjan,GPS,U,5.379520,-4.072478,9999.000000,74.000000,WGS84,57,CIV,Côte d'Ivoire,9,Lagunes,Région,Region,,
CI201200000098,CI,2012.000000,98.000000,IV,NULL,NULL,NULL,NULL,9999.000000,NULL,1.000000,Centre,GPS,U,6.806986,-5.265114,9999.000000,210.000000,WGS84,57,CIV,Côte d'Ivoire,8,Lacs,Région,Region,,
CI201200000099,CI,2012.000000,99.000000,IV,NULL,NULL,NULL,NULL,9999.000000,NULL,2.000000,Centre-Est,GPS,R,7.095740,-3.145705,9999.000000,215.000000,WGS84,57,CIV,Côte d'Ivoire,12,Moyen-Comoé,Région,Region,,Comoé central
CI201200000100,CI,2012.000000,100.000000,IV,NULL,NULL,NULL,NULL,9999.000000,NULL,4.000000,Centre-Ouest,GPS,R,6.685151,-6.488674,9999.000000,224.000000,WGS84,57,CIV,Côte d'Ivoire,7,Haut-Sassandra,Région,Region,,Sassandra supérieur
CI201200000101,CI,2012.000000,101.000000,IV,NULL,NULL,NULL,NULL,9999.000000,NULL,3.000000,Centre-Nord,GPS,R,9.308593,-5.248729,9999.000000,357.000000,WGS84,57,CIV,Côte d'Ivoire,17,Vallée du Bandama,Région,Region,,
CI201200000102,CI,2012.000000,102.000000,IV,NULL,NULL,NULL,NULL,9999.000000,NULL,11.000000,Ville D'Abidjan,GPS,U,5.346215,-4.107622,9999.000000,66.000000,WGS84,57,CIV,Côte d'Ivoire,9,Lagunes,Région,Region,,
CI201200000103,CI,2012.000000,103.000000,IV,NULL,NULL,NULL,NULL,9999.000000,NULL,10.000000,Sud-Ouest,GPS,R,6.164881,-6.852486,9999.000000,194.000000,WGS84,57,CIV,Côte d'Ivoire,3,Bas-Sassandra,Région,Region,,Cavally inférieur
CI201200000104,CI,2012.000000,104.000000,IV,NULL,NULL,NULL,NULL,9999.000000,NULL,10.000000,Sud-Ouest,GPS,R,4.765075,-7.500837,9999.000000,74.000000,WGS84,57,CIV,Côte d'Ivoire,3,Bas-Sassandra,Région,Region,,Cavally inférieur
CI201200000105,CI,2012.000000,105.000000,IV,NULL,NULL,NULL,NULL,9999.000000,NULL,5.000000,Nord,GPS,U,9.953257,-5.155280,9999.000000,321.000000,WGS84,57,CIV,Côte d'Ivoire,14,Savanes,Région,Region,,
CI201200000106,CI,2012.000000,106.000000,IV,NULL,NULL,NULL,NULL,9999.000000,NULL,7.000000,Nord-Ouest,GPS,R,8.465508,-6.190066,9999.000000,399.000000,WGS84,57,CIV,Côte d'Ivoire,18,Worodougou,Région,Region,,
CI201200000107,CI,2012.000000,107.000000,IV,NULL,NULL,NULL,NULL,9999.000000,NULL,10.000000,Sud-Ouest,GPS,R,5.943022,-6.335982,9999.000000,180.000000,WGS84,57,CIV,Côte d'Ivoire,3,Bas-Sassandra,Région,Region,,Cavally inférieur
CI201200000108,CI,2012.000000,108.000000,IV,NULL,NULL,NULL,NULL,9999.000000,NULL,3.000000,Centre-Nord,GAZ,U,7.705667,-5.020433,9999.000000,353.000000,WGS84,57,CIV,Côte d'Ivoire,17,Vallée du Bandama,Région,Region,,
CI201200000109,CI,2012.000000,109.000000,IV,NULL,NULL,NULL,NULL,9999.000000,NULL,6.000000,Nord-Est,GPS,R,8.296590,-3.931402,9999.000000,203.000000,WGS84,57,CIV,Côte d'Ivoire,19,Zanzan,Région,Region,,
CI201200000110,CI,2012.000000,110.000000,IV,NULL,NULL,NULL,NULL,9999.000000,NULL,9.000000,Sud sans Abidjan,GPS,U,5.682848,-4.568689,9999.000000,90.000000,WGS84,57,CIV,Côte d'Ivoire,9,Lagunes,Région,Region,,
CI201200000111,CI,2012.000000,111.000000,IV,NULL,NULL,NULL,NULL,9999.000000,NULL,10.000000,Sud-Ouest,GPS,R,4.679129,-7.117418,9999.000000,27.000000,WGS84,57,CIV,Côte d'Ivoire,3,Bas-Sassandra,Région,Region,,Cavally inférieur
CI201200000112,CI,2012.000000,112.000000,IV,NULL,NULL,NULL,NULL,9999.000000,NULL,3.000000,Centre-Nord,GPS,U,7.676075,-5.001397,9999.000000,352.000000,WGS84,57,CIV,Côte d'Ivoire,17,Vallée du Bandama,Région,Region,,
CI201200000113,CI,2012.000000,113.000000,IV,NULL,NULL,NULL,NULL,9999.000000,NULL,8.000000,Ouest,GPS,U,7.740542,-7.635191,9999.000000,515.000000,WGS84,57,CIV,Côte d'Ivoire,5,Dix-Huit Montagnes,Région,Region,,
CI201200000114,CI,2012.000000,114.000000,IV,NULL,NULL,NULL,NULL,9999.000000,NULL,11.000000,Ville D'Abidjan,GPS,U,5.332830,-4.078723,9999.000000,43.000000,WGS84,57,CIV,Côte d'Ivoire,9,Lagunes,Région,Region,,
CI201200000115,CI,2012.000000,115.000000,IV,NULL,NULL,NULL,NULL,9999.000000,NULL,2.000000,Centre-Est,GPS,R,6.145133,-3.383995,9999.000000,105.000000,WGS84,57,CIV,Côte d'Ivoire,12,Moyen-Comoé,Région,Region,,Comoé central
CI201200000116,CI,2012.000000,116.000000,IV,NULL,NULL,NULL,NULL,9999.000000,NULL,11.000000,Ville D'Abidjan,GPS,U,5.310639,-3.932723,9999.000000,7.000000,WGS84,57,CIV,Côte d'Ivoire,9,Lagunes,Région,Region,,
CI201200000117,CI,2012.000000,117.000000,IV,NULL,NULL,NULL,NULL,9999.000000,NULL,8.000000,Ouest,GPS,R,7.546580,-7.214760,9999.000000,300.000000,WGS84,57,CIV,Côte d'Ivoire,5,Dix-Huit Montagnes,Région,Region,,
CI201200000118,CI,2012.000000,118.000000,IV,NULL,NULL,NULL,NULL,9999.000000,NULL,5.000000,Nord,GPS,R,9.509688,-6.067000,9999.000000,363.000000,WGS84,57,CIV,Côte d'Ivoire,14,Savanes,Région,Region,,
CI201200000119,CI,2012.000000,119.000000,IV,NULL,NULL,NULL,NULL,9999.000000,NULL,10.000000,Sud-Ouest,GPS,R,4.897206,-7.482269,9999.000000,75.000000,WGS84,57,CIV,Côte d'Ivoire,3,Bas-Sassandra,Région,Region,,Cavally inférieur
CI201200000120,CI,2012.000000,120.000000,IV,NULL,NULL,NULL,NULL,9999.000000,NULL,5.000000,Nord,GPS,R,10.388346,-5.724522,9999.000000,352.000000,WGS84,57,CIV,Côte d'Ivoire,14,Savanes,Région,Region,,
CI201200000121,CI,2012.000000,121.000000,IV,NULL,NULL,NULL,NULL,9999.000000,NULL,10.000000,Sud-Ouest,GPS,U,4.770069,-6.657807,9999.000000,9.000000,WGS84,57,CIV,Côte d'Ivoire,3,Bas-Sassandra,Région,Region,,Cavally inférieur
CI201200000122,CI,2012.000000,122.000000,IV,NULL,NULL,NULL,NULL,9999.000000,NULL,4.000000,Centre-Ouest,GPS,R,5.797293,-5.992836,9999.000000,220.000000,WGS84,57,CIV,Côte d'Ivoire,6,Fromager,Région,Region,,
CI201200000123,CI,2012.000000,123.000000,IV,NULL,NULL,NULL,NULL,9999.000000,NULL,4.000000,Centre-Ouest,GPS,U,6.897991,-6.455416,9999.000000,269.000000,WGS84,57,CIV,Côte d'Ivoire,7,Haut-Sassandra,Région,Region,,Sassandra supérieur
CI201200000124,CI,2012.000000,124.000000,IV,NULL,NULL,NULL,NULL,9999.000000,NULL,4.000000,Centre-Ouest,GPS,R,6.654972,-5.472389,9999.000000,237.000000,WGS84,57,CIV,Côte d'Ivoire,10,Marahoué,Région,Region,,
CI201200000125,CI,2012.000000,125.000000,IV,NULL,NULL,NULL,NULL,9999.000000,NULL,4.000000,Centre-Ouest,GPS,R,7.295500,-6.809865,9999.000000,261.000000,WGS84,57,CIV,Côte d'Ivoire,7,Haut-Sassandra,Région,Region,,Sassandra supérieur
CI201200000126,CI,2012.000000,126.000000,IV,NULL,NULL,NULL,NULL,9999.000000,NULL,1.000000,Centre,GPS,R,6.397834,-4.890434,9999.000000,163.000000,WGS84,57,CIV,Côte d'Ivoire,8,Lacs,Région,Region,,
CI201200000127,CI,2012.000000,127.000000,IV,NULL,NULL,NULL,NULL,9999.000000,NULL,8.000000,Ouest,GPS,U,7.266339,-8.155649,9999.000000,351.000000,WGS84,57,CIV,Côte d'Ivoire,5,Dix-Huit Montagnes,Région,Region,,
CI201200000128,CI,2012.000000,128.000000,IV,NULL,NULL,NULL,NULL,9999.000000,NULL,7.000000,Nord-Ouest,GPS,U,9.505708,-7.581181,9999.000000,416.000000,WGS84,57,CIV,Côte d'Ivoire,4,Denguélé,Région,Region,,
CI201200000129,CI,2012.000000,129.000000,IV,NULL,NULL,NULL,NULL,9999.000000,NULL,9.000000,Sud sans Abidjan,GPS,U,6.383130,-3.873341,9999.000000,141.000000,WGS84,57,CIV,Côte d'Ivoire,1,Agnéby,Région,Region,,Agnébi
CI201200000130,CI,2012.000000,130.000000,IV,NULL,NULL,NULL,NULL,9999.000000,NULL,8.000000,Ouest,GPS,R,7.079795,-7.055510,9999.000000,215.000000,WGS84,57,CIV,Côte d'Ivoire,5,Dix-Huit Montagnes,Région,Region,,
CI201200000131,CI,2012.000000,131.000000,IV,NULL,NULL,NULL,NULL,9999.000000,NULL,9.000000,Sud sans Abidjan,GAZ,U,5.929377,-4.221194,9999.000000,30.000000,WGS84,57,CIV,Côte d'Ivoire,1,Agnéby,Région,Region,,Agnébi
CI201200000132,CI,2012.000000,132.000000,IV,NULL,NULL,NULL,NULL,9999.000000,NULL,5.000000,Nord,GPS,R,9.917156,-5.625558,9999.000000,346.000000,WGS84,57,CIV,Côte d'Ivoire,14,Savanes,Région,Region,,
CI201200000133,CI,2012.000000,133.000000,IV,NULL,NULL,NULL,NULL,9999.000000,NULL,6.000000,Nord-Est,GPS,R,7.377326,-3.067031,9999.000000,245.000000,WGS84,57,CIV,Côte d'Ivoire,19,Zanzan,Région,Region,,
CI201200000134,CI,2012.000000,134.000000,IV,NULL,NULL,NULL,NULL,9999.000000,NULL,1.000000,Centre,GPS,U,6.804543,-5.280965,9999.000000,209.000000,WGS84,57,CIV,Côte d'Ivoire,8,Lacs,Région,Region,,
CI201200000135,CI,2012.000000,135.000000,IV,NULL,NULL,NULL,NULL,9999.000000,NULL,7.000000,Nord-Ouest,GAZ,U,9.506225,-7.563249,9999.000000,428.000000,WGS84,57,CIV,Côte d'Ivoire,4,Denguélé,Région,Region,,
CI201200000136,CI,2012.000000,136.000000,IV,NULL,NULL,NULL,NULL,9999.000000,NULL,11.000000,Ville D'Abidjan,GPS,U,5.421475,-4.021337,9999.000000,117.000000,WGS84,57,CIV,Côte d'Ivoire,9,Lagunes,Région,Region,,
CI201200000137,CI,2012.000000,137.000000,IV,NULL,NULL,NULL,NULL,9999.000000,NULL,2.000000,Centre-Est,GPS,U,6.728044,-3.484936,9999.000000,171.000000,WGS84,57,CIV,Côte d'Ivoire,12,Moyen-Comoé,Région,Region,,Comoé central
CI201200000138,CI,2012.000000,138.000000,IV,NULL,NULL,NULL,NULL,9999.000000,NULL,6.000000,Nord-Est,GPS,R,7.848057,-3.516962,9999.000000,176.000000,WGS84,57,CIV,Côte d'Ivoire,19,Zanzan,Région,Region,,
CI201200000139,CI,2012.000000,139.000000,IV,NULL,NULL,NULL,NULL,9999.000000,NULL,5.000000,Nord,GPS,R,9.668400,-5.534807,9999.000000,346.000000,WGS84,57,CIV,Côte d'Ivoire,14,Savanes,Région,Region,,
CI201200000140,CI,2012.000000,140.000000,IV,NULL,NULL,NULL,NULL,9999.000000,NULL,6.000000,Nord-Est,GPS,R,8.166209,-3.630171,9999.000000,226.000000,WGS84,57,CIV,Côte d'Ivoire,19,Zanzan,Région,Region,,
CI201200000141,CI,2012.000000,141.000000,IV,NULL,NULL,NULL,NULL,9999.000000,NULL,2.000000,Centre-Est,GPS,U,6.718888,-3.502877,9999.000000,185.000000,WGS84,57,CIV,Côte d'Ivoire,12,Moyen-Comoé,Région,Region,,Comoé central
CI201200000142,CI,2012.000000,142.000000,IV,NULL,NULL,NULL,NULL,9999.000000,NULL,11.000000,Ville D'Abidjan,GPS,U,5.365173,-4.002040,9999.000000,86.000000,WGS84,57,CIV,Côte d'Ivoire,9,Lagunes,Région,Region,,
CI201200000143,CI,2012.000000,143.000000,IV,NULL,NULL,NULL,NULL,9999.000000,NULL,6.000000,Nord-Est,GPS,R,7.923090,-2.848583,9999.000000,369.000000,WGS84,57,CIV,Côte d'Ivoire,19,Zanzan,Région,Region,,
CI201200000144,CI,2012.000000,144.000000,IV,NULL,NULL,NULL,NULL,9999.000000,NULL,5.000000,Nord,GPS,R,9.204362,-6.555392,9999.000000,422.000000,WGS84,57,CIV,Côte d'Ivoire,14,Savanes,Région,Region,,
CI201200000145,CI,2012.000000,145.000000,IV,NULL,NULL,NULL,NULL,9999.000000,NULL,6.000000,Nord-Est,GPS,U,9.265525,-3.008512,9999.000000,315.000000,WGS84,57,CIV,Côte d'Ivoire,19,Zanzan,Région,Region,,
CI201200000146,CI,2012.000000,146.000000,IV,NULL,NULL,NULL,NULL,9999.000000,NULL,2.000000,Centre-Est,GPS,R,6.568554,-3.326121,9999.000000,149.000000,WGS84,57,CIV,Côte d'Ivoire,12,Moyen-Comoé,Région,Region,,Comoé central
CI201200000147,CI,2012.000000,147.000000,IV,NULL,NULL,NULL,NULL,9999.000000,NULL,2.000000,Centre-Est,GPS,R,6.653226,-3.718633,9999.000000,154.000000,WGS84,57,CIV,Côte d'Ivoire,12,Moyen-Comoé,Région,Region,,Comoé central
CI201200000148,CI,2012.000000,148.000000,IV,NULL,NULL,NULL,NULL,9999.000000,NULL,8.000000,Ouest,GPS,U,6.740592,-7.339064,9999.000000,229.000000,WGS84,57,CIV,Côte d'Ivoire,11,Moyen-Cavally,Région,Region,,
CI201200000150,CI,2012.000000,150.000000,IV,NULL,NULL,NULL,NULL,9999.000000,NULL,5.000000,Nord,GPS,U,9.438609,-5.649560,9999.000000,389.000000,WGS84,57,CIV,Côte d'Ivoire,14,Savanes,Région,Region,,
CI201200000151,CI,2012.000000,151.000000,IV,NULL,NULL,NULL,NULL,9999.000000,NULL,11.000000,Ville D'Abidjan,GPS,U,5.453503,-4.027004,9999.000000,124.000000,WGS84,57,CIV,Côte d'Ivoire,9,Lagunes,Région,Region,,
CI201200000152,CI,2012.000000,152.000000,IV,NULL,NULL,NULL,NULL,9999.000000,NULL,1.000000,Centre,GPS,R,7.226644,-4.991859,9999.000000,202.000000,WGS84,57,CIV,Côte d'Ivoire,8,Lacs,Région,Region,,
CI201200000153,CI,2012.000000,153.000000,IV,NULL,NULL,NULL,NULL,9999.000000,NULL,7.000000,Nord-Ouest,GPS,R,9.465024,-6.966752,9999.000000,541.000000,WGS84,57,CIV,Côte d'Ivoire,4,Denguélé,Région,Region,,
CI201200000154,CI,2012.000000,154.000000,IV,NULL,NULL,NULL,NULL,9999.000000,NULL,2.000000,Centre-Est,GPS,R,7.264778,-3.415550,9999.000000,185.000000,WGS84,57,CIV,Côte d'Ivoire,12,Moyen-Comoé,Région,Region,,Comoé central
CI201200000155,CI,2012.000000,155.000000,IV,NULL,NULL,NULL,NULL,9999.000000,NULL,4.000000,Centre-Ouest,GPS,R,6.027104,-5.951458,9999.000000,200.000000,WGS84,57,CIV,Côte d'Ivoire,6,Fromager,Région,Region,,
CI201200000156,CI,2012.000000,156.000000,IV,NULL,NULL,NULL,NULL,9999.000000,NULL,11.000000,Ville D'Abidjan,GPS,U,5.313266,-3.961711,9999.000000,6.000000,WGS84,57,CIV,Côte d'Ivoire,9,Lagunes,Région,Region,,
CI201200000157,CI,2012.000000,157.000000,IV,NULL,NULL,NULL,NULL,9999.000000,NULL,5.000000,Nord,GPS,R,9.347521,-5.467213,9999.000000,343.000000,WGS84,57,CIV,Côte d'Ivoire,14,Savanes,Région,Region,,
CI201200000158,CI,2012.000000,158.000000,IV,NULL,NULL,NULL,NULL,9999.000000,NULL,9.000000,Sud sans Abidjan,GPS,R,5.369488,-4.471296,9999.000000,65.000000,WGS84,57,CIV,Côte d'Ivoire,9,Lagunes,Région,Region,,
CI201200000159,CI,2012.000000,159.000000,IV,NULL,NULL,NULL,NULL,9999.000000,NULL,10.000000,Sud-Ouest,GPS,U,4.412300,-7.361569,9999.000000,9.000000,WGS84,57,CIV,Côte d'Ivoire,3,Bas-Sassandra,Région,Region,,Cavally inférieur
CI201200000160,CI,2012.000000,160.000000,IV,NULL,NULL,NULL,NULL,9999.000000,NULL,11.000000,Ville D'Abidjan,GPS,U,5.257701,-3.991291,9999.000000,8.000000,WGS84,57,CIV,Côte d'Ivoire,9,Lagunes,Région,Region,,
CI201200000161,CI,2012.000000,161.000000,IV,NULL,NULL,NULL,NULL,9999.000000,NULL,3.000000,Centre-Nord,GPS,U,7.668145,-5.032463,9999.000000,340.000000,WGS84,57,CIV,Côte d'Ivoire,17,Vallée du Bandama,Région,Region,,
CI201200000162,CI,2012.000000,162.000000,IV,NULL,NULL,NULL,NULL,9999.000000,NULL,5.000000,Nord,GPS,R,10.173371,-6.540317,9999.000000,355.000000,WGS84,57,CIV,Côte d'Ivoire,14,Savanes,Région,Region,,
CI201200000163,CI,2012.000000,163.000000,IV,NULL,NULL,NULL,NULL,9999.000000,NULL,8.000000,Ouest,GPS,U,7.413459,-7.563210,9999.000000,341.000000,WGS84,57,CIV,Côte d'Ivoire,5,Dix-Huit Montagnes,Région,Region,,
CI201200000164,CI,2012.000000,164.000000,IV,NULL,NULL,NULL,NULL,9999.000000,NULL,3.000000,Centre-Nord,GPS,U,8.137139,-5.119208,9999.000000,314.000000,WGS84,57,CIV,Côte d'Ivoire,17,Vallée du Bandama,Région,Region,,
CI201200000165,CI,2012.000000,165.000000,IV,NULL,NULL,NULL,NULL,9999.000000,NULL,11.000000,Ville D'Abidjan,GPS,U,5.281250,-3.965849,9999.000000,4.000000,WGS84,57,CIV,Côte d'Ivoire,9,Lagunes,Région,Region,,
CI201200000167,CI,2012.000000,167.000000,IV,NULL,NULL,NULL,NULL,9999.000000,NULL,3.000000,Centre-Nord,GAZ,R,7.870836,-5.439602,9999.000000,222.000000,WGS84,57,CIV,Côte d'Ivoire,17,Vallée du Bandama,Région,Region,,
CI201200000168,CI,2012.000000,168.000000,IV,NULL,NULL,NULL,NULL,9999.000000,NULL,9.000000,Sud sans Abidjan,GPS,R,5.231490,-5.080636,9999.000000,33.000000,WGS84,57,CIV,Côte d'Ivoire,15,Sud-Bandama,Région,Region,,
CI201200000169,CI,2012.000000,169.000000,IV,NULL,NULL,NULL,NULL,9999.000000,NULL,7.000000,Nord-Ouest,GPS,R,9.456007,-7.539601,9999.000000,425.000000,WGS84,57,CIV,Côte d'Ivoire,4,Denguélé,Région,Region,,
CI201200000170,CI,2012.000000,170.000000,IV,NULL,NULL,NULL,NULL,9999.000000,NULL,7.000000,Nord-Ouest,GPS,R,8.930113,-7.853768,9999.000000,696.000000,WGS84,57,CIV,Côte d'Ivoire,2,Bafing,Région,Region,,
CI201200000171,CI,2012.000000,171.000000,IV,NULL,NULL,NULL,NULL,9999.000000,NULL,9.000000,Sud sans Abidjan,GPS,U,5.212804,-3.733471,9999.000000,7.000000,WGS84,57,CIV,Côte d'Ivoire,9,Lagunes,Région,Region,,
CI201200000172,CI,2012.000000,172.000000,IV,NULL,NULL,NULL,NULL,9999.000000,NULL,7.000000,Nord-Ouest,GPS,R,8.054446,-6.636177,9999.000000,296.000000,WGS84,57,CIV,Côte d'Ivoire,18,Worodougou,Région,Region,,
CI201200000173,CI,2012.000000,173.000000,IV,NULL,NULL,NULL,NULL,9999.000000,NULL,5.000000,Nord,GPS,R,9.493267,-5.459961,9999.000000,369.000000,WGS84,57,CIV,Côte d'Ivoire,14,Savanes,Région,Region,,
CI201200000175,CI,2012.000000,175.000000,IV,NULL,NULL,NULL,NULL,9999.000000,NULL,1.000000,Centre,GPS,R,7.203104,-5.280529,9999.000000,217.000000,WGS84,57,CIV,Côte d'Ivoire,8,Lacs,Région,Region,,
CI201200000177,CI,2012.000000,177.000000,IV,NULL,NULL,NULL,NULL,9999.000000,NULL,9.000000,Sud sans Abidjan,GPS,U,5.413410,-3.032548,9999.000000,99.000000,WGS84,57,CIV,Côte d'Ivoire,16,Sud-Comoé,Région,Region,,
CI201200000178,CI,2012.000000,178.000000,IV,NULL,NULL,NULL,NULL,9999.000000,NULL,7.000000,Nord-Ouest,GPS,U,8.274536,-7.690936,9999.000000,497.000000,WGS84,57,CIV,Côte d'Ivoire,2,Bafing,Région,Region,,
CI201200000179,CI,2012.000000,179.000000,IV,NULL,NULL,NULL,NULL,9999.000000,NULL,9.000000,Sud sans Abidjan,GPS,R,5.664230,-3.744648,9999.000000,79.000000,WGS84,57,CIV,Côte d'Ivoire,9,Lagunes,Région,Region,,
CI201200000180,CI,2012.000000,180.000000,IV,NULL,NULL,NULL,NULL,9999.000000,NULL,4.000000,Centre-Ouest,GPS,U,6.861869,-6.443716,9999.000000,277.000000,WGS84,57,CIV,Côte d'Ivoire,7,Haut-Sassandra,Région,Region,,Sassandra supérieur
CI201200000181,CI,2012.000000,181.000000,IV,NULL,NULL,NULL,NULL,9999.000000,NULL,7.000000,Nord-Ouest,GPS,R,8.080929,-5.749752,9999.000000,333.000000,WGS84,57,CIV,Côte d'Ivoire,18,Worodougou,Région,Region,,
CI201200000182,CI,2012.000000,182.000000,IV,NULL,NULL,NULL,NULL,9999.000000,NULL,4.000000,Centre-Ouest,GPS,R,7.534428,-6.324349,9999.000000,270.000000,WGS84,57,CIV,Côte d'Ivoire,7,Haut-Sassandra,Région,Region,,Sassandra supérieur
CI201200000183,CI,2012.000000,183.000000,IV,NULL,NULL,NULL,NULL,9999.000000,NULL,2.000000,Centre-Est,GPS,U,6.728799,-3.492422,9999.000000,182.000000,WGS84,57,CIV,Côte d'Ivoire,12,Moyen-Comoé,Région,Region,,Comoé central
CI201200000184,CI,2012.000000,184.000000,IV,NULL,NULL,NULL,NULL,9999.000000,NULL,2.000000,Centre-Est,GPS,R,6.381441,-3.345859,9999.000000,135.000000,WGS84,57,CIV,Côte d'Ivoire,12,Moyen-Comoé,Région,Region,,Comoé central
CI201200000185,CI,2012.000000,185.000000,IV,NULL,NULL,NULL,NULL,9999.000000,NULL,10.000000,Sud-Ouest,GPS,R,5.002555,-6.567861,9999.000000,56.000000,WGS84,57,CIV,Côte d'Ivoire,3,Bas-Sassandra,Région,Region,,Cavally inférieur
CI201200000187,CI,2012.000000,187.000000,IV,NULL,NULL,NULL,NULL,9999.000000,NULL,4.000000,Centre-Ouest,GPS,U,7.417962,-6.062225,9999.000000,206.000000,WGS84,57,CIV,Côte d'Ivoire,10,Marahoué,Région,Region,,
CI201200000188,CI,2012.000000,188.000000,IV,NULL,NULL,NULL,NULL,9999.000000,NULL,8.000000,Ouest,GPS,R,7.456828,-7.494493,9999.000000,422.000000,WGS84,57,CIV,Côte d'Ivoire,5,Dix-Huit Montagnes,Région,Region,,
CI201200000189,CI,2012.000000,189.000000,IV,NULL,NULL,NULL,NULL,9999.000000,NULL,7.000000,Nord-Ouest,GPS,U,7.963135,-6.661925,9999.000000,340.000000,WGS84,57,CIV,Côte d'Ivoire,18,Worodougou,Région,Region,,
CI201200000190,CI,2012.000000,190.000000,IV,NULL,NULL,NULL,NULL,9999.000000,NULL,7.000000,Nord-Ouest,GPS,R,8.869862,-6.687437,9999.000000,355.000000,WGS84,57,CIV,Côte d'Ivoire,18,Worodougou,Région,Region,,
CI201200000191,CI,2012.000000,191.000000,IV,NULL,NULL,NULL,NULL,9999.000000,NULL,10.000000,Sud-Ouest,GPS,U,4.949658,-6.097641,9999.000000,10.000000,WGS84,57,CIV,Côte d'Ivoire,3,Bas-Sassandra,Région,Region,,Cavally inférieur
CI201200000192,CI,2012.000000,192.000000,IV,NULL,NULL,NULL,NULL,9999.000000,NULL,1.000000,Centre,GPS,R,7.235611,-3.766479,9999.000000,200.000000,WGS84,57,CIV,Côte d'Ivoire,13,N'zi-Comoé,Région,Region,,
CI201200000193,CI,2012.000000,193.000000,IV,NULL,NULL,NULL,NULL,9999.000000,NULL,5.000000,Nord,GPS,R,9.205372,-5.706714,9999.000000,349.000000,WGS84,57,CIV,Côte d'Ivoire,14,Savanes,Région,Region,,
CI201200000194,CI,2012.000000,194.000000,IV,NULL,NULL,NULL,NULL,9999.000000,NULL,11.000000,Ville D'Abidjan,GPS,U,5.356009,-4.049525,9999.000000,39.000000,WGS84,57,CIV,Côte d'Ivoire,9,Lagunes,Région,Region,,
CI201200000195,CI,2012.000000,195.000000,IV,NULL,NULL,NULL,NULL,9999.000000,NULL,7.000000,Nord-Ouest,GPS,R,8.496604,-7.168633,9999.000000,308.000000,WGS84,57,CIV,Côte d'Ivoire,2,Bafing,Région,Region,,
CI201200000196,CI,2012.000000,196.000000,IV,NULL,NULL,NULL,NULL,9999.000000,NULL,10.000000,Sud-Ouest,GPS,R,5.398599,-6.302940,9999.000000,76.000000,WGS84,57,CIV,Côte d'Ivoire,3,Bas-Sassandra,Région,Region,,Cavally inférieur
CI201200000197,CI,2012.000000,197.000000,IV,NULL,NULL,NULL,NULL,9999.000000,NULL,6.000000,Nord-Est,GPS,U,8.032071,-2.799527,9999.000000,353.000000,WGS84,57,CIV,Côte d'Ivoire,19,Zanzan,Région,Region,,
CI201200000198,CI,2012.000000,198.000000,IV,NULL,NULL,NULL,NULL,9999.000000,NULL,5.000000,Nord,GPS,R,9.960457,-6.622114,9999.000000,400.000000,WGS84,57,CIV,Côte d'Ivoire,14,Savanes,Région,Region,,
CI201200000199,CI,2012.000000,199.000000,IV,NULL,NULL,NULL,NULL,9999.000000,NULL,3.000000,Centre-Nord,GPS,R,8.719801,-5.444276,9999.000000,354.000000,WGS84,57,CIV,Côte d'Ivoire,17,Vallée du Bandama,Région,Region,,
CI201200000200,CI,2012.000000,200.000000,IV,NULL,NULL,NULL,NULL,9999.000000,NULL,2.000000,Centre-Est,GPS,U,6.725115,-3.482726,9999.000000,193.000000,WGS84,57,CIV,Côte d'Ivoire,12,Moyen-Comoé,Région,Region,,Comoé central
CI201200000201,CI,2012.000000,201.000000,IV,NULL,NULL,NULL,NULL,9999.000000,NULL,10.000000,Sud-Ouest,GPS,R,5.087417,-6.838003,9999.000000,73.000000,WGS84,57,CIV,Côte d'Ivoire,3,Bas-Sassandra,Région,Region,,Cavally inférieur
CI201200000202,CI,2012.000000,202.000000,IV,NULL,NULL,NULL,NULL,9999.000000,NULL,1.000000,Centre,GPS,R,7.659092,-4.341436,9999.000000,142.000000,WGS84,57,CIV,Côte d'Ivoire,13,N'zi-Comoé,Région,Region,,
CI201200000203,CI,2012.000000,203.000000,IV,NULL,NULL,NULL,NULL,9999.000000,NULL,9.000000,Sud sans Abidjan,GPS,U,5.503938,-4.049920,9999.000000,83.000000,WGS84,57,CIV,Côte d'Ivoire,9,Lagunes,Région,Region,,
CI201200000204,CI,2012.000000,204.000000,IV,NULL,NULL,NULL,NULL,9999.000000,NULL,3.000000,Centre-Nord,GAZ,R,7.765930,-5.186091,9999.000000,358.000000,WGS84,57,CIV,Côte d'Ivoire,17,Vallée du Bandama,Région,Region,,
CI201200000205,CI,2012.000000,205.000000,IV,NULL,NULL,NULL,NULL,9999.000000,NULL,4.000000,Centre-Ouest,GPS,U,6.989938,-5.729547,9999.000000,213.000000,WGS84,57,CIV,Côte d'Ivoire,10,Marahoué,Région,Region,,
CI201200000207,CI,2012.000000,207.000000,IV,NULL,NULL,NULL,NULL,9999.000000,NULL,10.000000,Sud-Ouest,GPS,U,4.776960,-6.664161,9999.000000,20.000000,WGS84,57,CIV,Côte d'Ivoire,3,Bas-Sassandra,Région,Region,,Cavally inférieur
CI201200000208,CI,2012.000000,208.000000,IV,NULL,NULL,NULL,NULL,9999.000000,NULL,4.000000,Centre-Ouest,GPS,U,6.508881,-6.263919,9999.000000,254.000000,WGS84,57,CIV,Côte d'Ivoire,7,Haut-Sassandra,Région,Region,,Sassandra supérieur
CI201200000209,CI,2012.000000,209.000000,IV,NULL,NULL,NULL,NULL,9999.000000,NULL,1.000000,Centre,GPS,R,7.935960,-3.946730,9999.000000,169.000000,WGS84,57,CIV,Côte d'Ivoire,13,N'zi-Comoé,Région,Region,,
CI201200000210,CI,2012.000000,210.000000,IV,NULL,NULL,NULL,NULL,9999.000000,NULL,11.000000,Ville D'Abidjan,GPS,U,5.338435,-4.058821,9999.000000,47.000000,WGS84,57,CIV,Côte d'Ivoire,9,Lagunes,Région,Region,,
CI201200000211,CI,2012.000000,211.000000,IV,NULL,NULL,NULL,NULL,9999.000000,NULL,1.000000,Centre,GPS,U,6.654352,-4.714958,9999.000000,97.000000,WGS84,57,CIV,Côte d'Ivoire,13,N'zi-Comoé,Région,Region,,
CI201200000212,CI,2012.000000,212.000000,IV,NULL,NULL,NULL,NULL,9999.000000,NULL,8.000000,Ouest,GPS,R,6.449306,-7.539767,9999.000000,254.000000,WGS84,57,CIV,Côte d'Ivoire,11,Moyen-Cavally,Région,Region,,
CI201200000213,CI,2012.000000,213.000000,IV,NULL,NULL,NULL,NULL,9999.000000,NULL,2.000000,Centre-Est,GPS,R,6.765132,-3.295243,9999.000000,169.000000,WGS84,57,CIV,Côte d'Ivoire,12,Moyen-Comoé,Région,Region,,Comoé central
CI201200000214,CI,2012.000000,214.000000,IV,NULL,NULL,NULL,NULL,9999.000000,NULL,3.000000,Centre-Nord,GPS,U,7.699964,-5.044763,9999.000000,359.000000,WGS84,57,CIV,Côte d'Ivoire,17,Vallée du Bandama,Région,Region,,
CI201200000215,CI,2012.000000,215.000000,IV,NULL,NULL,NULL,NULL,9999.000000,NULL,7.000000,Nord-Ouest,GPS,R,9.011084,-7.218653,9999.000000,320.000000,WGS84,57,CIV,Côte d'Ivoire,4,Denguélé,Région,Region,,
CI201200000216,CI,2012.000000,216.000000,IV,NULL,NULL,NULL,NULL,9999.000000,NULL,7.000000,Nord-Ouest,GPS,R,8.273471,-8.166579,9999.000000,519.000000,WGS84,57,CIV,Côte d'Ivoire,2,Bafing,Région,Region,,
CI201200000217,CI,2012.000000,217.000000,IV,NULL,NULL,NULL,NULL,9999.000000,NULL,11.000000,Ville D'Abidjan,GPS,U,5.244854,-3.927851,9999.000000,0.000000,WGS84,57,CIV,Côte d'Ivoire,9,Lagunes,Région,Region,,
CI201200000218,CI,2012.000000,218.000000,IV,NULL,NULL,NULL,NULL,9999.000000,NULL,8.000000,Ouest,GPS,U,7.264673,-8.156331,9999.000000,347.000000,WGS84,57,CIV,Côte d'Ivoire,5,Dix-Huit Montagnes,Région,Region,,
CI201200000219,CI,2012.000000,219.000000,IV,NULL,NULL,NULL,NULL,9999.000000,NULL,6.000000,Nord-Est,GPS,R,7.554265,-2.987620,9999.000000,193.000000,WGS84,57,CIV,Côte d'Ivoire,19,Zanzan,Région,Region,,
CI201200000220,CI,2012.000000,220.000000,IV,NULL,NULL,NULL,NULL,9999.000000,NULL,8.000000,Ouest,GPS,R,6.475356,-7.197594,9999.000000,246.000000,WGS84,57,CIV,Côte d'Ivoire,11,Moyen-Cavally,Région,Region,,
CI201200000221,CI,2012.000000,221.000000,IV,NULL,NULL,NULL,NULL,9999.000000,NULL,11.000000,Ville D'Abidjan,GPS,U,5.411858,-4.005900,9999.000000,116.000000,WGS84,57,CIV,Côte d'Ivoire,9,Lagunes,Région,Region,,
CI201200000222,CI,2012.000000,222.000000,IV,NULL,NULL,NULL,NULL,9999.000000,NULL,8.000000,Ouest,GPS,U,7.389825,-7.344296,9999.000000,322.000000,WGS84,57,CIV,Côte d'Ivoire,5,Dix-Huit Montagnes,Région,Region,,
CI201200000223,CI,2012.000000,223.000000,IV,NULL,NULL,NULL,NULL,9999.000000,NULL,2.000000,Centre-Est,GPS,R,6.497424,-3.615884,9999.000000,132.000000,WGS84,57,CIV,Côte d'Ivoire,12,Moyen-Comoé,Région,Region,,Comoé central
CI201200000224,CI,2012.000000,224.000000,IV,NULL,NULL,NULL,NULL,9999.000000,NULL,9.000000,Sud sans Abidjan,GPS,U,5.354109,-3.888633,9999.000000,7.000000,WGS84,57,CIV,Côte d'Ivoire,9,Lagunes,Région,Region,,
CI201200000226,CI,2012.000000,226.000000,IV,NULL,NULL,NULL,NULL,9999.000000,NULL,8.000000,Ouest,GPS,R,6.569395,-8.033905,9999.000000,266.000000,WGS84,57,CIV,Côte d'Ivoire,11,Moyen-Cavally,Région,Region,,
CI201200000227,CI,2012.000000,227.000000,IV,NULL,NULL,NULL,NULL,9999.000000,NULL,6.000000,Nord-Est,GPS,R,7.468882,-3.223689,9999.000000,171.000000,WGS84,57,CIV,Côte d'Ivoire,19,Zanzan,Région,Region,,
CI201200000228,CI,2012.000000,228.000000,IV,NULL,NULL,NULL,NULL,9999.000000,NULL,11.000000,Ville D'Abidjan,GPS,U,5.341960,-4.032100,9999.000000,5.000000,WGS84,57,CIV,Côte d'Ivoire,9,Lagunes,Région,Region,,
CI201200000230,CI,2012.000000,230.000000,IV,NULL,NULL,NULL,NULL,9999.000000,NULL,9.000000,Sud sans Abidjan,GPS,R,5.928369,-4.521751,9999.000000,84.000000,WGS84,57,CIV,Côte d'Ivoire,1,Agnéby,Région,Region,,Agnébi
CI201200000231,CI,2012.000000,231.000000,IV,NULL,NULL,NULL,NULL,9999.000000,NULL,11.000000,Ville D'Abidjan,GPS,U,5.309652,-3.960583,9999.000000,4.000000,WGS84,57,CIV,Côte d'Ivoire,9,Lagunes,Région,Region,,
CI201200000232,CI,2012.000000,232.000000,IV,NULL,NULL,NULL,NULL,9999.000000,NULL,9.000000,Sud sans Abidjan,GPS,R,5.569178,-4.877746,9999.000000,21.000000,WGS84,57,CIV,Côte d'Ivoire,9,Lagunes,Région,Region,,
CI201200000233,CI,2012.000000,233.000000,IV,NULL,NULL,NULL,NULL,9999.000000,NULL,10.000000,Sud-Ouest,GPS,R,5.958560,-6.592878,9999.000000,197.000000,WGS84,57,CIV,Côte d'Ivoire,3,Bas-Sassandra,Région,Region,,Cavally inférieur
CI201200000234,CI,2012.000000,234.000000,IV,NULL,NULL,NULL,NULL,9999.000000,NULL,5.000000,Nord,GPS,U,9.441121,-5.630476,9999.000000,369.000000,WGS84,57,CIV,Côte d'Ivoire,14,Savanes,Région,Region,,
CI201200000235,CI,2012.000000,235.000000,IV,NULL,NULL,NULL,NULL,9999.000000,NULL,8.000000,Ouest,GPS,R,6.767448,-7.417994,9999.000000,253.000000,WGS84,57,CIV,Côte d'Ivoire,11,Moyen-Cavally,Région,Region,,
CI201200000236,CI,2012.000000,236.000000,IV,NULL,NULL,NULL,NULL,9999.000000,NULL,5.000000,Nord,GPS,U,9.453886,-5.604196,9999.000000,364.000000,WGS84,57,CIV,Côte d'Ivoire,14,Savanes,Région,Region,,
CI201200000237,CI,2012.000000,237.000000,IV,NULL,NULL,NULL,NULL,9999.000000,NULL,11.000000,Ville D'Abidjan,GPS,U,5.422730,-4.007416,9999.000000,108.000000,WGS84,57,CIV,Côte d'Ivoire,9,Lagunes,Région,Region,,
CI201200000238,CI,2012.000000,238.000000,IV,NULL,NULL,NULL,NULL,9999.000000,NULL,9.000000,Sud sans Abidjan,GPS,R,5.311172,-4.760943,9999.000000,51.000000,WGS84,57,CIV,Côte d'Ivoire,9,Lagunes,Région,Region,,
CI201200000239,CI,2012.000000,239.000000,IV,NULL,NULL,NULL,NULL,9999.000000,NULL,11.000000,Ville D'Abidjan,GPS,U,5.292448,-4.003753,9999.000000,4.000000,WGS84,57,CIV,Côte d'Ivoire,9,Lagunes,Région,Region,,
CI201200000240,CI,2012.000000,240.000000,IV,NULL,NULL,NULL,NULL,9999.000000,NULL,7.000000,Nord-Ouest,GPS,R,7.995453,-6.882433,9999.000000,296.000000,WGS84,57,CIV,Côte d'Ivoire,18,Worodougou,Région,Region,,
CI201200000241,CI,2012.000000,241.000000,IV,NULL,NULL,NULL,NULL,9999.000000,NULL,9.000000,Sud sans Abidjan,GPS,U,6.108284,-3.844502,9999.000000,98.000000,WGS84,57,CIV,Côte d'Ivoire,1,Agnéby,Région,Region,,Agnébi
CI201200000242,CI,2012.000000,242.000000,IV,NULL,NULL,NULL,NULL,9999.000000,NULL,6.000000,Nord-Est,GPS,R,7.204627,-3.101917,9999.000000,243.000000,WGS84,57,CIV,Côte d'Ivoire,19,Zanzan,Région,Region,,
CI201200000243,CI,2012.000000,243.000000,IV,NULL,NULL,NULL,NULL,9999.000000,NULL,3.000000,Centre-Nord,GPS,U,7.706786,-5.041907,9999.000000,351.000000,WGS84,57,CIV,Côte d'Ivoire,17,Vallée du Bandama,Région,Region,,
CI201200000244,CI,2012.000000,244.000000,IV,NULL,NULL,NULL,NULL,9999.000000,NULL,5.000000,Nord,GPS,R,10.089082,-5.904217,9999.000000,369.000000,WGS84,57,CIV,Côte d'Ivoire,14,Savanes,Région,Region,,
CI201200000245,CI,2012.000000,245.000000,IV,NULL,NULL,NULL,NULL,9999.000000,NULL,2.000000,Centre-Est,GPS,R,6.285448,-3.359176,9999.000000,172.000000,WGS84,57,CIV,Côte d'Ivoire,12,Moyen-Comoé,Région,Region,,Comoé central
CI201200000246,CI,2012.000000,246.000000,IV,NULL,NULL,NULL,NULL,9999.000000,NULL,10.000000,Sud-Ouest,GPS,R,5.009958,-6.705007,9999.000000,61.000000,WGS84,57,CIV,Côte d'Ivoire,3,Bas-Sassandra,Région,Region,,Cavally inférieur
CI201200000247,CI,2012.000000,247.000000,IV,NULL,NULL,NULL,NULL,9999.000000,NULL,7.000000,Nord-Ouest,GPS,U,7.967487,-6.661751,9999.000000,333.000000,WGS84,57,CIV,Côte d'Ivoire,18,Worodougou,Région,Region,,
CI201200000248,CI,2012.000000,248.000000,IV,NULL,NULL,NULL,NULL,9999.000000,NULL,1.000000,Centre,GPS,U,7.038699,-3.968674,9999.000000,191.000000,WGS84,57,CIV,Côte d'Ivoire,13,N'zi-Comoé,Région,Region,,
CI201200000249,CI,2012.000000,249.000000,IV,NULL,NULL,NULL,NULL,9999.000000,NULL,6.000000,Nord-Est,GPS,R,8.421511,-3.486115,9999.000000,348.000000,WGS84,57,CIV,Côte d'Ivoire,19,Zanzan,Région,Region,,
CI201200000250,CI,2012.000000,250.000000,IV,NULL,NULL,NULL,NULL,9999.000000,NULL,5.000000,Nord,GPS,R,9.623585,-5.138459,9999.000000,350.000000,WGS84,57,CIV,Côte d'Ivoire,14,Savanes,Région,Region,,
CI201200000251,CI,2012.000000,251.000000,IV,NULL,NULL,NULL,NULL,9999.000000,NULL,2.000000,Centre-Est,GPS,U,6.734271,-3.497530,9999.000000,196.000000,WGS84,57,CIV,Côte d'Ivoire,12,Moyen-Comoé,Région,Region,,Comoé central
CI201200000252,CI,2012.000000,252.000000,IV,NULL,NULL,NULL,NULL,9999.000000,NULL,11.000000,Ville D'Abidjan,GPS,U,5.293828,-3.956722,9999.000000,3.000000,WGS84,57,CIV,Côte d'Ivoire,9,Lagunes,Région,Region,,
CI201200000253,CI,2012.000000,253.000000,IV,NULL,NULL,NULL,NULL,9999.000000,NULL,1.000000,Centre,GPS,R,6.782628,-3.952818,9999.000000,188.000000,WGS84,57,CIV,Côte d'Ivoire,13,N'zi-Comoé,Région,Region,,
CI201200000254,CI,2012.000000,254.000000,IV,NULL,NULL,NULL,NULL,9999.000000,NULL,3.000000,Centre-Nord,GAZ,R,7.520663,-5.609605,9999.000000,208.000000,WGS84,57,CIV,Côte d'Ivoire,17,Vallée du Bandama,Région,Region,,
CI201200000255,CI,2012.000000,255.000000,IV,NULL,NULL,NULL,NULL,9999.000000,NULL,3.000000,Centre-Nord,GPS,U,8.767830,-5.685546,9999.000000,321.000000,WGS84,57,CIV,Côte d'Ivoire,17,Vallée du Bandama,Région,Region,,
CI201200000256,CI,2012.000000,256.000000,IV,NULL,NULL,NULL,NULL,9999.000000,NULL,6.000000,Nord-Est,GPS,R,7.693928,-3.516755,9999.000000,176.000000,WGS84,57,CIV,Côte d'Ivoire,19,Zanzan,Région,Region,,
CI201200000257,CI,2012.000000,257.000000,IV,NULL,NULL,NULL,NULL,9999.000000,NULL,4.000000,Centre-Ouest,GPS,R,7.358790,-6.848603,9999.000000,264.000000,WGS84,57,CIV,Côte d'Ivoire,7,Haut-Sassandra,Région,Region,,Sassandra supérieur
CI201200000258,CI,2012.000000,258.000000,IV,NULL,NULL,NULL,NULL,9999.000000,NULL,1.000000,Centre,GPS,R,7.425796,-4.664870,9999.000000,212.000000,WGS84,57,CIV,Côte d'Ivoire,13,N'zi-Comoé,Région,Region,,
CI201200000259,CI,2012.000000,259.000000,IV,NULL,NULL,NULL,NULL,9999.000000,NULL,5.000000,Nord,GPS,U,9.472905,-5.614804,9999.000000,358.000000,WGS84,57,CIV,Côte d'Ivoire,14,Savanes,Région,Region,,
CI201200000260,CI,2012.000000,260.000000,IV,NULL,NULL,NULL,NULL,9999.000000,NULL,11.000000,Ville D'Abidjan,GPS,U,5.363347,-4.088067,9999.000000,77.000000,WGS84,57,CIV,Côte d'Ivoire,9,Lagunes,Région,Region,,
CI201200000261,CI,2012.000000,261.000000,IV,NULL,NULL,NULL,NULL,9999.000000,NULL,9.000000,Sud sans Abidjan,GPS,R,5.209151,-3.301086,9999.000000,12.000000,WGS84,57,CIV,Côte d'Ivoire,16,Sud-Comoé,Région,Region,,
CI201200000262,CI,2012.000000,262.000000,IV,NULL,NULL,NULL,NULL,9999.000000,NULL,3.000000,Centre-Nord,GPS,R,8.428864,-4.664955,9999.000000,368.000000,WGS84,57,CIV,Côte d'Ivoire,17,Vallée du Bandama,Région,Region,,
CI201200000263,CI,2012.000000,263.000000,IV,NULL,NULL,NULL,NULL,9999.000000,NULL,1.000000,Centre,GPS,R,6.999824,-4.845734,9999.000000,203.000000,WGS84,57,CIV,Côte d'Ivoire,8,Lacs,Région,Region,,
CI201200000264,CI,2012.000000,264.000000,IV,NULL,NULL,NULL,NULL,9999.000000,NULL,11.000000,Ville D'Abidjan,GPS,U,5.355459,-3.966909,9999.000000,46.000000,WGS84,57,CIV,Côte d'Ivoire,9,Lagunes,Région,Region,,
CI201200000265,CI,2012.000000,265.000000,IV,NULL,NULL,NULL,NULL,9999.000000,NULL,7.000000,Nord-Ouest,GPS,R,7.848514,-6.005016,9999.000000,263.000000,WGS84,57,CIV,Côte d'Ivoire,18,Worodougou,Région,Region,,
CI201200000266,CI,2012.000000,266.000000,IV,NULL,NULL,NULL,NULL,9999.000000,NULL,1.000000,Centre,GPS,R,7.147241,-4.405025,9999.000000,120.000000,WGS84,57,CIV,Côte d'Ivoire,13,N'zi-Comoé,Région,Region,,
CI201200000267,CI,2012.000000,267.000000,IV,NULL,NULL,NULL,NULL,9999.000000,NULL,3.000000,Centre-Nord,GPS,R,7.484330,-5.258626,9999.000000,234.000000,WGS84,57,CIV,Côte d'Ivoire,17,Vallée du Bandama,Région,Region,,
CI201200000268,CI,2012.000000,268.000000,IV,NULL,NULL,NULL,NULL,9999.000000,NULL,7.000000,Nord-Ouest,GPS,R,8.655233,-6.112844,9999.000000,399.000000,WGS84,57,CIV,Côte d'Ivoire,18,Worodougou,Région,Region,,
CI201200000269,CI,2012.000000,269.000000,IV,NULL,NULL,NULL,NULL,9999.000000,NULL,11.000000,Ville D'Abidjan,GPS,U,5.441884,-4.070657,9999.000000,117.000000,WGS84,57,CIV,Côte d'Ivoire,9,Lagunes,Région,Region,,
CI201200000270,CI,2012.000000,270.000000,IV,NULL,NULL,NULL,NULL,9999.000000,NULL,7.000000,Nord-Ouest,GPS,R,8.324337,-7.468090,9999.000000,440.000000,WGS84,57,CIV,Côte d'Ivoire,2,Bafing,Région,Region,,
CI201200000271,CI,2012.000000,271.000000,IV,NULL,NULL,NULL,NULL,9999.000000,NULL,8.000000,Ouest,GPS,R,6.749754,-8.312346,9999.000000,244.000000,WGS84,57,CIV,Côte d'Ivoire,5,Dix-Huit Montagnes,Région,Region,,
CI201200000272,CI,2012.000000,272.000000,IV,NULL,NULL,NULL,NULL,9999.000000,NULL,4.000000,Centre-Ouest,GPS,U,6.288669,-5.571484,9999.000000,208.000000,WGS84,57,CIV,Côte d'Ivoire,6,Fromager,Région,Region,,
CI201200000273,CI,2012.000000,273.000000,IV,NULL,NULL,NULL,NULL,9999.000000,NULL,6.000000,Nord-Est,GPS,R,9.006113,-3.139913,9999.000000,345.000000,WGS84,57,CIV,Côte d'Ivoire,19,Zanzan,Région,Region,,
CI201200000274,CI,2012.000000,274.000000,IV,NULL,NULL,NULL,NULL,9999.000000,NULL,5.000000,Nord,GPS,R,9.019182,-4.162591,9999.000000,280.000000,WGS84,57,CIV,Côte d'Ivoire,14,Savanes,Région,Region,,
CI201200000275,CI,2012.000000,275.000000,IV,NULL,NULL,NULL,NULL,9999.000000,NULL,9.000000,Sud sans Abidjan,GPS,R,5.889878,-5.577608,9999.000000,199.000000,WGS84,57,CIV,Côte d'Ivoire,15,Sud-Bandama,Région,Region,,
CI201200000276,CI,2012.000000,276.000000,IV,NULL,NULL,NULL,NULL,9999.000000,NULL,11.000000,Ville D'Abidjan,GPS,U,5.426858,-4.009561,9999.000000,116.000000,WGS84,57,CIV,Côte d'Ivoire,9,Lagunes,Région,Region,,
CI201200000277,CI,2012.000000,277.000000,IV,NULL,NULL,NULL,NULL,9999.000000,NULL,11.000000,Ville D'Abidjan,GPS,U,5.289794,-3.970429,9999.000000,7.000000,WGS84,57,CIV,Côte d'Ivoire,9,Lagunes,Région,Region,,
CI201200000278,CI,2012.000000,278.000000,IV,NULL,NULL,NULL,NULL,9999.000000,NULL,7.000000,Nord-Ouest,GPS,R,10.120234,-7.376751,9999.000000,422.000000,WGS84,57,CIV,Côte d'Ivoire,4,Denguélé,Région,Region,,
CI201200000279,CI,2012.000000,279.000000,IV,NULL,NULL,NULL,NULL,9999.000000,NULL,10.000000,Sud-Ouest,GPS,U,4.782652,-6.644624,9999.000000,10.000000,WGS84,57,CIV,Côte d'Ivoire,3,Bas-Sassandra,Région,Region,,Cavally inférieur
CI201200000280,CI,2012.000000,280.000000,IV,NULL,NULL,NULL,NULL,9999.000000,NULL,7.000000,Nord-Ouest,GPS,R,8.532476,-5.864428,9999.000000,338.000000,WGS84,57,CIV,Côte d'Ivoire,18,Worodougou,Région,Region,,
CI201200000281,CI,2012.000000,281.000000,IV,NULL,NULL,NULL,NULL,9999.000000,NULL,7.000000,Nord-Ouest,GPS,R,8.175881,-5.790018,9999.000000,323.000000,WGS84,57,CIV,Côte d'Ivoire,18,Worodougou,Région,Region,,
CI201200000282,CI,2012.000000,282.000000,IV,NULL,NULL,NULL,NULL,9999.000000,NULL,10.000000,Sud-Ouest,GPS,R,5.722199,-6.365466,9999.000000,167.000000,WGS84,57,CIV,Côte d'Ivoire,3,Bas-Sassandra,Région,Region,,Cavally inférieur
CI201200000283,CI,2012.000000,283.000000,IV,NULL,NULL,NULL,NULL,9999.000000,NULL,3.000000,Centre-Nord,GPS,U,7.723106,-5.050439,9999.000000,341.000000,WGS84,57,CIV,Côte d'Ivoire,17,Vallée du Bandama,Région,Region,,
CI201200000284,CI,2012.000000,284.000000,IV,NULL,NULL,NULL,NULL,9999.000000,NULL,11.000000,Ville D'Abidjan,GPS,U,5.309836,-4.038522,9999.000000,2.000000,WGS84,57,CIV,Côte d'Ivoire,9,Lagunes,Région,Region,,
CI201200000285,CI,2012.000000,285.000000,IV,NULL,NULL,NULL,NULL,9999.000000,NULL,2.000000,Centre-Est,GPS,U,6.668623,-3.271130,9999.000000,143.000000,WGS84,57,CIV,Côte d'Ivoire,12,Moyen-Comoé,Région,Region,,Comoé central
CI201200000286,CI,2012.000000,286.000000,IV,NULL,NULL,NULL,NULL,9999.000000,NULL,11.000000,Ville D'Abidjan,GPS,U,5.470056,-4.001488,9999.000000,110.000000,WGS84,57,CIV,Côte d'Ivoire,9,Lagunes,Région,Region,,
CI201200000287,CI,2012.000000,287.000000,IV,NULL,NULL,NULL,NULL,9999.000000,NULL,7.000000,Nord-Ouest,GPS,U,8.492828,-6.604926,9999.000000,352.000000,WGS84,57,CIV,Côte d'Ivoire,18,Worodougou,Région,Region,,
CI201200000288,CI,2012.000000,288.000000,IV,NULL,NULL,NULL,NULL,9999.000000,NULL,11.000000,Ville D'Abidjan,GPS,U,5.433715,-4.000732,9999.000000,100.000000,WGS84,57,CIV,Côte d'Ivoire,9,Lagunes,Région,Region,,
CI201200000289,CI,2012.000000,289.000000,IV,NULL,NULL,NULL,NULL,9999.000000,NULL,4.000000,Centre-Ouest,GAZ,R,6.222643,-6.171599,9999.000000,227.000000,WGS84,57,CIV,Côte d'Ivoire,6,Fromager,Région,Region,,
CI201200000290,CI,2012.000000,290.000000,IV,NULL,NULL,NULL,NULL,9999.000000,NULL,5.000000,Nord,GPS,U,9.620986,-5.189044,9999.000000,328.000000,WGS84,57,CIV,Côte d'Ivoire,14,Savanes,Région,Region,,
CI201200000291,CI,2012.000000,291.000000,IV,NULL,NULL,NULL,NULL,9999.000000,NULL,8.000000,Ouest,GPS,R,7.310776,-7.340376,9999.000000,311.000000,WGS84,57,CIV,Côte d'Ivoire,5,Dix-Huit Montagnes,Région,Region,,
CI201200000292,CI,2012.000000,292.000000,IV,NULL,NULL,NULL,NULL,9999.000000,NULL,5.000000,Nord,GPS,U,9.475539,-5.594808,9999.000000,347.000000,WGS84,57,CIV,Côte d'Ivoire,14,Savanes,Région,Region,,
CI201200000293,CI,2012.000000,293.000000,IV,NULL,NULL,NULL,NULL,9999.000000,NULL,2.000000,Centre-Est,GPS,U,6.728283,-3.486844,9999.000000,187.000000,WGS84,57,CIV,Côte d'Ivoire,12,Moyen-Comoé,Région,Region,,Comoé central
CI201200000295,CI,2012.000000,295.000000,IV,NULL,NULL,NULL,NULL,9999.000000,NULL,1.000000,Centre,GPS,R,7.356549,-4.449500,9999.000000,123.000000,WGS84,57,CIV,Côte d'Ivoire,13,N'zi-Comoé,Région,Region,,
CI201200000296,CI,2012.000000,296.000000,IV,NULL,NULL,NULL,NULL,9999.000000,NULL,4.000000,Centre-Ouest,GPS,U,6.875244,-6.471073,9999.000000,268.000000,WGS84,57,CIV,Côte d'Ivoire,7,Haut-Sassandra,Région,Region,,Sassandra supérieur
CI201200000297,CI,2012.000000,297.000000,IV,NULL,NULL,NULL,NULL,9999.000000,NULL,8.000000,Ouest,GPS,R,6.980409,-8.014154,9999.000000,288.000000,WGS84,57,CIV,Côte d'Ivoire,5,Dix-Huit Montagnes,Région,Region,,
CI201200000298,CI,2012.000000,298.000000,IV,NULL,NULL,NULL,NULL,9999.000000,NULL,10.000000,Sud-Ouest,GPS,U,4.784051,-6.664580,9999.000000,22.000000,WGS84,57,CIV,Côte d'Ivoire,3,Bas-Sassandra,Région,Region,,Cavally inférieur
CI201200000299,CI,2012.000000,299.000000,IV,NULL,NULL,NULL,NULL,9999.000000,NULL,1.000000,Centre,GPS,U,6.808249,-5.257850,9999.000000,235.000000,WGS84,57,CIV,Côte d'Ivoire,8,Lacs,Région,Region,,
CI201200000300,CI,2012.000000,300.000000,IV,NULL,NULL,NULL,NULL,9999.000000,NULL,8.000000,Ouest,GPS,R,6.591973,-8.491413,9999.000000,239.000000,WGS84,57,CIV,Côte d'Ivoire,11,Moyen-Cavally,Région,Region,,
CI201200000301,CI,2012.000000,301.000000,IV,NULL,NULL,NULL,NULL,9999.000000,NULL,6.000000,Nord-Est,GPS,U,9.804642,-3.354418,9999.000000,333.000000,WGS84,57,CIV,Côte d'Ivoire,19,Zanzan,Région,Region,,
CI201200000302,CI,2012.000000,302.000000,IV,NULL,NULL,NULL,NULL,9999.000000,NULL,11.000000,Ville D'Abidjan,GPS,U,5.302406,-3.993134,9999.000000,7.000000,WGS84,57,CIV,Côte d'Ivoire,9,Lagunes,Région,Region,,
CI201200000303,CI,2012.000000,303.000000,IV,NULL,NULL,NULL,NULL,9999.000000,NULL,11.000000,Ville D'Abidjan,GPS,U,5.451838,-3.975796,9999.000000,81.000000,WGS84,57,CIV,Côte d'Ivoire,9,Lagunes,Région,Region,,
CI201200000304,CI,2012.000000,304.000000,IV,NULL,NULL,NULL,NULL,9999.000000,NULL,10.000000,Sud-Ouest,GPS,U,5.793563,-6.585972,9999.000000,143.000000,WGS84,57,CIV,Côte d'Ivoire,3,Bas-Sassandra,Région,Region,,Cavally inférieur
CI201200000305,CI,2012.000000,305.000000,IV,NULL,NULL,NULL,NULL,9999.000000,NULL,9.000000,Sud sans Abidjan,GPS,R,5.419648,-3.489301,9999.000000,20.000000,WGS84,57,CIV,Côte d'Ivoire,9,Lagunes,Région,Region,,
CI201200000306,CI,2012.000000,306.000000,IV,NULL,NULL,NULL,NULL,9999.000000,NULL,2.000000,Centre-Est,GPS,R,6.981778,-3.732199,9999.000000,153.000000,WGS84,57,CIV,Côte d'Ivoire,12,Moyen-Comoé,Région,Region,,Comoé central
CI201200000307,CI,2012.000000,307.000000,IV,NULL,NULL,NULL,NULL,9999.000000,NULL,5.000000,Nord,GPS,U,9.581625,-5.210230,9999.000000,337.000000,WGS84,57,CIV,Côte d'Ivoire,14,Savanes,Région,Region,,
CI201200000308,CI,2012.000000,308.000000,IV,NULL,NULL,NULL,NULL,9999.000000,NULL,6.000000,Nord-Est,GPS,R,8.232849,-3.162295,9999.000000,330.000000,WGS84,57,CIV,Côte d'Ivoire,19,Zanzan,Région,Region,,
CI201200000309,CI,2012.000000,309.000000,IV,NULL,NULL,NULL,NULL,9999.000000,NULL,5.000000,Nord,GPS,R,9.334246,-6.063486,9999.000000,376.000000,WGS84,57,CIV,Côte d'Ivoire,14,Savanes,Région,Region,,
CI201200000310,CI,2012.000000,310.000000,IV,NULL,NULL,NULL,NULL,9999.000000,NULL,7.000000,Nord-Ouest,GPS,R,7.963581,-7.646503,9999.000000,472.000000,WGS84,57,CIV,Côte d'Ivoire,2,Bafing,Région,Region,,
CI201200000311,CI,2012.000000,311.000000,IV,NULL,NULL,NULL,NULL,9999.000000,NULL,11.000000,Ville D'Abidjan,GPS,U,5.304897,-3.958715,9999.000000,5.000000,WGS84,57,CIV,Côte d'Ivoire,9,Lagunes,Région,Region,,
CI201200000312,CI,2012.000000,312.000000,IV,NULL,NULL,NULL,NULL,9999.000000,NULL,2.000000,Centre-Est,GPS,R,6.855113,-3.281843,9999.000000,190.000000,WGS84,57,CIV,Côte d'Ivoire,12,Moyen-Comoé,Région,Region,,Comoé central
CI201200000313,CI,2012.000000,313.000000,IV,NULL,NULL,NULL,NULL,9999.000000,NULL,11.000000,Ville D'Abidjan,GPS,U,5.351028,-4.030861,9999.000000,49.000000,WGS84,57,CIV,Côte d'Ivoire,9,Lagunes,Région,Region,,
CI201200000314,CI,2012.000000,314.000000,IV,NULL,NULL,NULL,NULL,9999.000000,NULL,6.000000,Nord-Est,GPS,R,7.917465,-3.322484,9999.000000,204.000000,WGS84,57,CIV,Côte d'Ivoire,19,Zanzan,Région,Region,,
CI201200000316,CI,2012.000000,316.000000,IV,NULL,NULL,NULL,NULL,9999.000000,NULL,3.000000,Centre-Nord,GAZ,U,7.668009,-5.553074,9999.000000,217.000000,WGS84,57,CIV,Côte d'Ivoire,17,Vallée du Bandama,Région,Region,,
CI201200000317,CI,2012.000000,317.000000,IV,NULL,NULL,NULL,NULL,9999.000000,NULL,11.000000,Ville D'Abidjan,GPS,U,5.368037,-4.011090,9999.000000,40.000000,WGS84,57,CIV,Côte d'Ivoire,9,Lagunes,Région,Region,,
CI201200000318,CI,2012.000000,318.000000,IV,NULL,NULL,NULL,NULL,9999.000000,NULL,3.000000,Centre-Nord,GPS,U,7.702720,-5.066071,9999.000000,375.000000,WGS84,57,CIV,Côte d'Ivoire,17,Vallée du Bandama,Région,Region,,
CI201200000319,CI,2012.000000,319.000000,IV,NULL,NULL,NULL,NULL,9999.000000,NULL,4.000000,Centre-Ouest,GPS,R,7.522481,-6.045029,9999.000000,226.000000,WGS84,57,CIV,Côte d'Ivoire,10,Marahoué,Région,Region,,
CI201200000320,CI,2012.000000,320.000000,IV,NULL,NULL,NULL,NULL,9999.000000,NULL,6.000000,Nord-Est,GPS,R,8.156803,-2.971727,9999.000000,458.000000,WGS84,57,CIV,Côte d'Ivoire,19,Zanzan,Région,Region,,
CI201200000321,CI,2012.000000,321.000000,IV,NULL,NULL,NULL,NULL,9999.000000,NULL,10.000000,Sud-Ouest,GPS,R,5.443351,-6.209723,9999.000000,90.000000,WGS84,57,CIV,Côte d'Ivoire,3,Bas-Sassandra,Région,Region,,Cavally inférieur
CI201200000322,CI,2012.000000,322.000000,IV,NULL,NULL,NULL,NULL,9999.000000,NULL,3.000000,Centre-Nord,GPS,R,7.553035,-5.201680,9999.000000,269.000000,WGS84,57,CIV,Côte d'Ivoire,17,Vallée du Bandama,Région,Region,,
CI201200000323,CI,2012.000000,323.000000,IV,NULL,NULL,NULL,NULL,9999.000000,NULL,10.000000,Sud-Ouest,GPS,R,5.212399,-5.714182,9999.000000,51.000000,WGS84,57,CIV,Côte d'Ivoire,3,Bas-Sassandra,Région,Region,,Cavally inférieur
CI201200000324,CI,2012.000000,324.000000,IV,NULL,NULL,NULL,NULL,9999.000000,NULL,3.000000,Centre-Nord,GPS,U,8.119737,-5.096114,9999.000000,313.000000,WGS84,57,CIV,Côte d'Ivoire,17,Vallée du Bandama,Région,Region,,
CI201200000325,CI,2012.000000,325.000000,IV,NULL,NULL,NULL,NULL,9999.000000,NULL,4.000000,Centre-Ouest,GPS,R,6.897381,-6.378663,9999.000000,240.000000,WGS84,57,CIV,Côte d'Ivoire,7,Haut-Sassandra,Région,Region,,Sassandra supérieur
CI201200000326,CI,2012.000000,326.000000,IV,NULL,NULL,NULL,NULL,9999.000000,NULL,10.000000,Sud-Ouest,GPS,R,6.015397,-6.949550,9999.000000,226.000000,WGS84,57,CIV,Côte d'Ivoire,3,Bas-Sassandra,Région,Region,,Cavally inférieur
CI201200000327,CI,2012.000000,327.000000,IV,NULL,NULL,NULL,NULL,9999.000000,NULL,5.000000,Nord,GPS,R,9.313311,-5.624613,9999.000000,325.000000,WGS84,57,CIV,Côte d'Ivoire,14,Savanes,Région,Region,,
CI201200000328,CI,2012.000000,328.000000,IV,NULL,NULL,NULL,NULL,9999.000000,NULL,5.000000,Nord,GPS,U,9.520201,-6.474282,9999.000000,406.000000,WGS84,57,CIV,Côte d'Ivoire,14,Savanes,Région,Region,,
CI201200000329,CI,2012.000000,329.000000,IV,NULL,NULL,NULL,NULL,9999.000000,NULL,11.000000,Ville D'Abidjan,GPS,U,5.325570,-4.054645,9999.000000,29.000000,WGS84,57,CIV,Côte d'Ivoire,9,Lagunes,Région,Region,,
CI201200000331,CI,2012.000000,331.000000,IV,NULL,NULL,NULL,NULL,9999.000000,NULL,7.000000,Nord-Ouest,GPS,R,9.969462,-7.593861,9999.000000,382.000000,WGS84,57,CIV,Côte d'Ivoire,4,Denguélé,Région,Region,,
CI201200000332,CI,2012.000000,332.000000,IV,NULL,NULL,NULL,NULL,9999.000000,NULL,4.000000,Centre-Ouest,GPS,U,6.910636,-6.060826,9999.000000,266.000000,WGS84,57,CIV,Côte d'Ivoire,10,Marahoué,Région,Region,,
CI201200000333,CI,2012.000000,333.000000,IV,NULL,NULL,NULL,NULL,9999.000000,NULL,2.000000,Centre-Est,GPS,U,7.132540,-3.191967,9999.000000,242.000000,WGS84,57,CIV,Côte d'Ivoire,12,Moyen-Comoé,Région,Region,,Comoé central
CI201200000334,CI,2012.000000,334.000000,IV,NULL,NULL,NULL,NULL,9999.000000,NULL,6.000000,Nord-Est,GPS,U,8.061268,-2.802307,9999.000000,347.000000,WGS84,57,CIV,Côte d'Ivoire,19,Zanzan,Région,Region,,
CI201200000335,CI,2012.000000,335.000000,IV,NULL,NULL,NULL,NULL,9999.000000,NULL,11.000000,Ville D'Abidjan,GPS,U,5.263146,-3.969476,9999.000000,6.000000,WGS84,57,CIV,Côte d'Ivoire,9,Lagunes,Région,Region,,
CI201200000336,CI,2012.000000,336.000000,IV,NULL,NULL,NULL,NULL,9999.000000,NULL,10.000000,Sud-Ouest,GPS,R,5.159627,-6.647762,9999.000000,85.000000,WGS84,57,CIV,Côte d'Ivoire,3,Bas-Sassandra,Région,Region,,Cavally inférieur
CI201200000337,CI,2012.000000,337.000000,IV,NULL,NULL,NULL,NULL,9999.000000,NULL,11.000000,Ville D'Abidjan,GPS,U,5.314762,-3.996928,9999.000000,9.000000,WGS84,57,CIV,Côte d'Ivoire,9,Lagunes,Région,Region,,
CI201200000338,CI,2012.000000,338.000000,IV,NULL,NULL,NULL,NULL,9999.000000,NULL,9.000000,Sud sans Abidjan,GPS,R,6.438871,-3.850789,9999.000000,142.000000,WGS84,57,CIV,Côte d'Ivoire,1,Agnéby,Région,Region,,Agnébi
CI201200000339,CI,2012.000000,339.000000,IV,NULL,NULL,NULL,NULL,9999.000000,NULL,3.000000,Centre-Nord,GPS,U,8.348632,-4.442660,9999.000000,261.000000,WGS84,57,CIV,Côte d'Ivoire,17,Vallée du Bandama,Région,Region,,
CI201200000340,CI,2012.000000,340.000000,IV,NULL,NULL,NULL,NULL,9999.000000,NULL,2.000000,Centre-Est,GPS,R,6.559130,-3.467329,9999.000000,148.000000,WGS84,57,CIV,Côte d'Ivoire,12,Moyen-Comoé,Région,Region,,Comoé central
CI201200000341,CI,2012.000000,341.000000,IV,NULL,NULL,NULL,NULL,9999.000000,NULL,2.000000,Centre-Est,GPS,U,7.125679,-3.209365,9999.000000,231.000000,WGS84,57,CIV,Côte d'Ivoire,12,Moyen-Comoé,Région,Region,,Comoé central
CI201200000343,CI,2012.000000,343.000000,IV,NULL,NULL,NULL,NULL,9999.000000,NULL,2.000000,Centre-Est,GPS,U,6.728393,-3.485607,9999.000000,197.000000,WGS84,57,CIV,Côte d'Ivoire,12,Moyen-Comoé,Région,Region,,Comoé central
CI201200000344,CI,2012.000000,344.000000,IV,NULL,NULL,NULL,NULL,9999.000000,NULL,11.000000,Ville D'Abidjan,GPS,U,5.284774,-3.960389,9999.000000,4.000000,WGS84,57,CIV,Côte d'Ivoire,9,Lagunes,Région,Region,,
CI201200000346,CI,2012.000000,346.000000,IV,NULL,NULL,NULL,NULL,9999.000000,NULL,6.000000,Nord-Est,GAZ,U,7.813661,-3.164822,9999.000000,262.000000,WGS84,57,CIV,Côte d'Ivoire,19,Zanzan,Région,Region,,
CI201200000347,CI,2012.000000,347.000000,IV,NULL,NULL,NULL,NULL,9999.000000,NULL,3.000000,Centre-Nord,GPS,U,7.684719,-5.045481,9999.000000,342.000000,WGS84,57,CIV,Côte d'Ivoire,17,Vallée du Bandama,Région,Region,,
CI201200000348,CI,2012.000000,348.000000,IV,NULL,NULL,NULL,NULL,9999.000000,NULL,4.000000,Centre-Ouest,GPS,R,6.361619,-5.715785,9999.000000,264.000000,WGS84,57,CIV,Côte d'Ivoire,6,Fromager,Région,Region,,
CI201200000349,CI,2012.000000,349.000000,IV,NULL,NULL,NULL,NULL,9999.000000,NULL,1.000000,Centre,GPS,R,6.987534,-5.277727,9999.000000,203.000000,WGS84,57,CIV,Côte d'Ivoire,8,Lacs,Région,Region,,
CI201200000350,CI,2012.000000,350.000000,IV,NULL,NULL,NULL,NULL,9999.000000,NULL,2.000000,Centre-Est,GPS,U,7.136385,-3.200418,9999.000000,242.000000,WGS84,57,CIV,Côte d'Ivoire,12,Moyen-Comoé,Région,Region,,Comoé central
CI201200000351,CI,2012.000000,351.000000,IV,NULL,NULL,NULL,NULL,9999.000000,NULL,4.000000,Centre-Ouest,GPS,R,6.658221,-6.512773,9999.000000,245.000000,WGS84,57,CIV,Côte d'Ivoire,7,Haut-Sassandra,Région,Region,,Sassandra supérieur
CI201200000352,CI,2012.000000,352.000000,IV,NULL,NULL,NULL,NULL,9999.000000,NULL,3.000000,Centre-Nord,GPS,U,7.695010,-5.034002,9999.000000,360.000000,WGS84,57,CIV,Côte d'Ivoire,17,Vallée du Bandama,Région,Region,,
